id,user,url
9730,tablesalt,https://mstdn.jp/@tablesalt
29088,inuaki,https://mstdn.jp/@inuaki
29088,inuaki,https://mstdn.jp/@inuaki
31441,yotuka,https://mstdn.jp/@yotuka
31441,yotuka,https://mstdn.jp/@yotuka
2983,okitsune,https://mstdn.jp/@okitsune
2983,okitsune,https://mstdn.jp/@okitsune
26580,ichige,https://mstdn.jp/@ichige
26580,ichige,https://mstdn.jp/@ichige
59540,bochang,https://mstdn.jp/@bochang
59540,bochang,https://mstdn.jp/@bochang
40704,Uzume,https://mstdn.jp/@Uzume
40704,Uzume,https://mstdn.jp/@Uzume
88837,snf,https://pawoo.net/@snf
88837,snf,https://pawoo.net/@snf
108243,naoya_ito,https://mstdn.jp/@naoya_ito
108243,naoya_ito,https://mstdn.jp/@naoya_ito
30808,ajimitei,https://mstdn.jp/@ajimitei
30808,ajimitei,https://mstdn.jp/@ajimitei
5368,pha,https://mastodon.cloud/users/pha
5368,pha,https://mastodon.cloud/users/pha
8056,snow3124,https://mstdn.jp/@snow3124
8056,snow3124,https://mstdn.jp/@snow3124
17995,sansara,https://mstdn.jp/@sansara
78948,tetsuhisa,https://mstdn.jp/@tetsuhisa
97788,_X_y_z_,https://mstdn.jp/@_X_y_z_
97677,nomadandrea,https://mastodon.xyz/@nomadandrea
158358,GEARWasHere,https://mastodon.rocks/@GEARWasHere
44327,kasaikouhei,https://pawoo.net/@kasaikouhei
156981,IJN,https://mstdn.social/@IJN
156705,howshow,https://mstdn.jp/@howshow
156705,howshow,https://mstdn.jp/@howshow
65633,ogepmk3,https://socialgame.mstdn.cloud/@ogepmk3
141541,sa_1mn,https://mstdn.jp/@sa_1mn
205673,Panuel_Parsley,https://mstdn.jp/@Panuel_Parsley
205673,Panuel_Parsley,https://mstdn.jp/@Panuel_Parsley
53995,Lizardon,https://mstdn.jp/@Lizardon
53995,Lizardon,https://mstdn.jp/@Lizardon
161959,ddtest,https://mstdn.jp/@ddtest
161959,ddtest,https://mstdn.jp/@ddtest
13907,shoon,https://mstdn.jp/@shoon
160255,RepsenGecko,https://mstdn.jp/@RepsenGecko
160414,ReptilesCafe,https://mastodon.yokohama/@ReptilesCafe
160414,ReptilesCafe,https://mastodon.yokohama/@ReptilesCafe
128338,D_toma,https://pawoo.net/@D_toma
3163,shHINNYUUI,https://mstdn.jp/@shHINNYUUI
96971,hide104,https://mstdn.jp/@hide104
96971,hide104,https://mstdn.jp/@hide104
323435,piyoyoyo,https://mstdn.jp/@piyoyoyo
323435,piyoyoyo,https://mstdn.jp/@piyoyoyo
173210,yasu3516,https://mstdn.jp/@yasu3516
173210,yasu3516,https://mstdn.jp/@yasu3516
312098,2272325,https://theboss.tech/@2272325
312098,2272325,https://theboss.tech/@2272325
40863,kijhftio,https://mstdn.jp/@kijhftio
40863,kijhftio,https://mstdn.jp/@kijhftio
312098,2272325,https://theboss.tech/@2272325
312098,2272325,https://theboss.tech/@2272325
147912,X_49,https://mstdn.jp/@X_49
147912,X_49,https://mstdn.jp/@X_49
12303,BussanBouz,https://mstdn.jp/@BussanBouz
12303,BussanBouz,https://mstdn.jp/@BussanBouz
55509,aitqb,https://mastodon.xyz/@aitqb
55509,aitqb,https://mastodon.xyz/@aitqb
173491,minopon,https://mstdn.jp/@minopon
173491,minopon,https://mstdn.jp/@minopon
100701,SelfishWhiteBear,https://mstdn.jp/@SelfishWhiteBear
100701,SelfishWhiteBear,https://mstdn.jp/@SelfishWhiteBear
220892,H4ppy,https://mstdn.jp/@H4ppy
220892,H4ppy,https://mstdn.jp/@H4ppy
53995,Lizardon,https://mstdn.jp/@Lizardon
53995,Lizardon,https://mstdn.jp/@Lizardon
233006,f_ssgr,https://mstdn.jp/@f_ssgr
233006,f_ssgr,https://mstdn.jp/@f_ssgr
158190,satorunet,https://open2.ch/@satorunet
6056,ozoz,https://mstdn.jp/@ozoz
6056,ozoz,https://mstdn.jp/@ozoz
15270,itokin,https://pawoo.net/@itokin
15270,itokin,https://pawoo.net/@itokin
11175,ariyasu,https://mstdn.jp/@ariyasu
11175,ariyasu,https://mstdn.jp/@ariyasu
7661,taiga,https://mstdn.jp/@taiga
7661,taiga,https://mstdn.jp/@taiga
51546,kana846,https://mstdn.jp/@kana846
51546,kana846,https://mstdn.jp/@kana846
26738,obi,https://mstdn.jp/@obi
26738,obi,https://mstdn.jp/@obi
7661,taiga,https://mstdn.jp/@taiga
7661,taiga,https://mstdn.jp/@taiga
8506,shotajames,https://mstdn.jp/@shotajames
8506,shotajames,https://mstdn.jp/@shotajames
12889,hirowatanabe,https://mstdn.jp/@hirowatanabe
12889,hirowatanabe,https://mstdn.jp/@hirowatanabe
7661,taiga,https://mstdn.jp/@taiga
7661,taiga,https://mstdn.jp/@taiga
6955,kunihirotanaka,https://mstdn.jp/@kunihirotanaka
6955,kunihirotanaka,https://mstdn.jp/@kunihirotanaka
168312,masatomatsuura,https://masatodon.com/@masatomatsuura
168312,masatomatsuura,https://masatodon.com/@masatomatsuura
172268,yuutsujino,https://mstdn.jp/@yuutsujino
172268,yuutsujino,https://mstdn.jp/@yuutsujino
172390,sg_mirei,https://masatodon.com/@sg_mirei
172390,sg_mirei,https://masatodon.com/@sg_mirei
173018,TakaoSaori,https://mstdn.jp/@TakaoSaori
173018,TakaoSaori,https://mstdn.jp/@TakaoSaori
185824,Yukari_turkey,https://masatodon.com/@Yukari_turkey
185824,Yukari_turkey,https://masatodon.com/@Yukari_turkey
173018,TakaoSaori,https://mstdn.jp/@TakaoSaori
173018,TakaoSaori,https://mstdn.jp/@TakaoSaori
172390,sg_mirei,https://masatodon.com/@sg_mirei
172390,sg_mirei,https://masatodon.com/@sg_mirei
173018,TakaoSaori,https://mstdn.jp/@TakaoSaori
173018,TakaoSaori,https://mstdn.jp/@TakaoSaori
178588,norikkies,https://masatodon.com/@norikkies
178588,norikkies,https://masatodon.com/@norikkies
173018,TakaoSaori,https://mstdn.jp/@TakaoSaori
173018,TakaoSaori,https://mstdn.jp/@TakaoSaori
185824,Yukari_turkey,https://masatodon.com/@Yukari_turkey
185824,Yukari_turkey,https://masatodon.com/@Yukari_turkey
173018,TakaoSaori,https://mstdn.jp/@TakaoSaori
173018,TakaoSaori,https://mstdn.jp/@TakaoSaori
172268,yuutsujino,https://mstdn.jp/@yuutsujino
172268,yuutsujino,https://mstdn.jp/@yuutsujino
171483,harumasamaeda,https://masatodon.com/@harumasamaeda
171483,harumasamaeda,https://masatodon.com/@harumasamaeda
96971,hide104,https://mstdn.jp/@hide104
96971,hide104,https://mstdn.jp/@hide104
71900,tomyo,https://mstdn.jp/@tomyo
71900,tomyo,https://mstdn.jp/@tomyo
193334,sinKeNy,https://mstdn.jp/@sinKeNy
193334,sinKeNy,https://mstdn.jp/@sinKeNy
227733,ngtrim,https://mstdn.jp/@ngtrim
227733,ngtrim,https://mstdn.jp/@ngtrim
428534,lars__ul,https://mstdn.jp/@lars__ul
428534,lars__ul,https://mstdn.jp/@lars__ul
430318,sasimi_2nd,https://mstdn.jp/@sasimi_2nd
430318,sasimi_2nd,https://mstdn.jp/@sasimi_2nd
336678,Tnli,https://mstdn.jp/@Tnli
336678,Tnli,https://mstdn.jp/@Tnli
440829,ZeroNoir,https://mstdn.jp/@ZeroNoir
440829,ZeroNoir,https://mstdn.jp/@ZeroNoir
323279,kesyou1743Koma,https://mstdn.jp/@kesyou1743Koma
323279,kesyou1743Koma,https://mstdn.jp/@kesyou1743Koma
3133,lovetaxlaw,https://mstdn.jp/@lovetaxlaw
3133,lovetaxlaw,https://mstdn.jp/@lovetaxlaw
337087,aksmsm,https://mstdn.jp/@aksmsm
337087,aksmsm,https://mstdn.jp/@aksmsm
441810,Itoko17,https://mstdn.jp/@Itoko17
441810,Itoko17,https://mstdn.jp/@Itoko17
261312,mstdn_jp,https://mstdn.jp/@mstdn_jp
261312,mstdn_jp,https://mstdn.jp/@mstdn_jp
59482,ysk33ta,https://mstdn.jp/@ysk33ta
155876,IanLettresNice,https://mastodon.etalab.gouv.fr/@IanLettresNice
82561,mnp34ogksd2q3abb,https://pawoo.net/@mnp34ogksd2q3abb
61172,Orafu,https://mstdn.jp/@Orafu
61172,Orafu,https://mstdn.jp/@Orafu
232312,setuzokusettei,https://pawoo.net/@setuzokusettei
232312,setuzokusettei,https://pawoo.net/@setuzokusettei
53964,LEVORG,https://mstdn.jp/@LEVORG
52763,eguri89,https://mstdn.jp/@eguri89
52763,eguri89,https://mstdn.jp/@eguri89
12066,patopato,https://mstdn.jp/@patopato
78439,kiseru,https://pawoo.net/@kiseru
118010,AJ,https://mastodon.nu/@AJ
40969,takayama,https://mstdn.jp/@takayama
9090,warenosyo,https://mstdn.jp/@warenosyo
9090,warenosyo,https://mstdn.jp/@warenosyo
2592,katoyuu,https://mstdn.jp/@katoyuu
2592,katoyuu,https://mstdn.jp/@katoyuu
7141,necolaus,https://mstdn.jp/@necolaus
7141,necolaus,https://mstdn.jp/@necolaus
426824,necolaus,https://otogamer.me/@necolaus
426824,necolaus,https://otogamer.me/@necolaus
7141,necolaus,https://mstdn.jp/@necolaus
7141,necolaus,https://mstdn.jp/@necolaus
134651,necolaus,https://mstdn.kemono-friends.info/@necolaus
134651,necolaus,https://mstdn.kemono-friends.info/@necolaus
7141,necolaus,https://mstdn.jp/@necolaus
7141,necolaus,https://mstdn.jp/@necolaus
5442,shiino_macoto,https://mstdn.jp/@shiino_macoto
5442,shiino_macoto,https://mstdn.jp/@shiino_macoto
120705,takota,https://mstdn.jp/@takota
120705,takota,https://mstdn.jp/@takota
39423,1010mog_mi,https://mstdn.jp/@1010mog_mi
39423,1010mog_mi,https://mstdn.jp/@1010mog_mi
67157,wakowak,https://mstdn.jp/@wakowak
66523,MMS,https://mstdn.jp/@MMS
66523,MMS,https://mstdn.jp/@MMS
75436,jmworks,https://mstdn.jp/@jmworks
75436,jmworks,https://mstdn.jp/@jmworks
7622,iam_y,https://mstdn.jp/@iam_y
7622,iam_y,https://mstdn.jp/@iam_y
28883,sim,https://freezepeach.xyz/sim
89582,yukinkonoko,https://mstdn.jp/@yukinkonoko
7186,mtakeshi,https://mstdn.jp/@mtakeshi
7186,mtakeshi,https://mstdn.jp/@mtakeshi
427,uryan,https://mstdn.jp/@uryan
427,uryan,https://mstdn.jp/@uryan
12932,totte,https://mstdn.jp/@totte
12932,totte,https://mstdn.jp/@totte
1592,tyoro,https://mstdn.jp/@tyoro
1592,tyoro,https://mstdn.jp/@tyoro
251089,negi_orz,https://mstdn.jp/@negi_orz
251089,negi_orz,https://mstdn.jp/@negi_orz
10982,faa,https://mstdn.jp/@faa
10982,faa,https://mstdn.jp/@faa
2410,otsune,https://mstdn.jp/@otsune
2410,otsune,https://mstdn.jp/@otsune
104332,elm200,https://mstdn.jp/@elm200
104332,elm200,https://mstdn.jp/@elm200
108963,jishiha,https://mastodon.machique.st/@jishiha
108963,jishiha,https://mastodon.machique.st/@jishiha
7542,moffy,https://mstdn.jp/@moffy
7542,moffy,https://mstdn.jp/@moffy
108571,TaiseiMiyahara,https://friends.nico/@TaiseiMiyahara
108571,TaiseiMiyahara,https://friends.nico/@TaiseiMiyahara
118479,wakin,https://mstdn.jp/@wakin
118479,wakin,https://mstdn.jp/@wakin
78480,hortense667,https://mstdn.jp/@hortense667
78480,hortense667,https://mstdn.jp/@hortense667
259924,K_co,https://mstdn.jp/@K_co
259924,K_co,https://mstdn.jp/@K_co
78480,hortense667,https://mstdn.jp/@hortense667
78480,hortense667,https://mstdn.jp/@hortense667
25710,Ryomag,https://mstdn.jp/@Ryomag
25710,Ryomag,https://mstdn.jp/@Ryomag
281,yagitch,https://mstdn.jp/@yagitch
281,yagitch,https://mstdn.jp/@yagitch
50468,etc2017,https://mstdn.jp/@etc2017
50468,etc2017,https://mstdn.jp/@etc2017
4672,yontengoP,https://mstdn-workers.com/@yontengoP
4672,yontengoP,https://mstdn-workers.com/@yontengoP
105665,wetsper,https://mstdn.jp/@wetsper
105665,wetsper,https://mstdn.jp/@wetsper
56705,pm_what,https://mstdn.jp/@pm_what
56705,pm_what,https://mstdn.jp/@pm_what
3809,nemu,https://pawoo.net/@nemu
3809,nemu,https://pawoo.net/@nemu
7450,amaneken,https://mstdn.jp/@amaneken
7450,amaneken,https://mstdn.jp/@amaneken
59483,ankakespa,https://mstdn.jp/@ankakespa
59483,ankakespa,https://mstdn.jp/@ankakespa
202903,satona,https://kabutodon.com/@satona
202903,satona,https://kabutodon.com/@satona
36616,be_hase,https://mstdn.jp/@be_hase
36616,be_hase,https://mstdn.jp/@be_hase
160996,studio3104,https://mstdn.jp/@studio3104
160996,studio3104,https://mstdn.jp/@studio3104
9682,ikebe,https://mstdn.jp/@ikebe
9682,ikebe,https://mstdn.jp/@ikebe
24128,tack0037,https://mstdn.jp/@tack0037
107386,Milady_Oscar,https://oc.todon.fr/@Milady_Oscar
158292,shuun,https://mstdn.jp/@shuun
13603,salasan_,https://mstdn.jp/@salasan_
50316,diceK_sawayama,https://mstdn.jp/@diceK_sawayama
50316,diceK_sawayama,https://mstdn.jp/@diceK_sawayama
100701,SelfishWhiteBear,https://mstdn.jp/@SelfishWhiteBear
100701,SelfishWhiteBear,https://mstdn.jp/@SelfishWhiteBear
337308,celluloce,https://qiitadon.com/@celluloce
337308,celluloce,https://qiitadon.com/@celluloce
30613,mastodonsearch,https://mstdn.jp/@mastodonsearch
30613,mastodonsearch,https://mstdn.jp/@mastodonsearch
33650,kyontan,https://m.pref.yokohama/@kyontan
33650,kyontan,https://m.pref.yokohama/@kyontan
46876,higawari,https://mstdn.jp/@higawari
46876,higawari,https://mstdn.jp/@higawari
290881,comoquieras,https://mastodon.social/@comoquieras
290881,comoquieras,https://mastodon.social/@comoquieras
40086,lynmock,https://mstdn.jp/@lynmock
40086,lynmock,https://mstdn.jp/@lynmock
177883,buhirobot,https://mstdn.jp/@buhirobot
177883,buhirobot,https://mstdn.jp/@buhirobot
22352,meow_dqx,https://mstdn.jp/@meow_dqx
22352,meow_dqx,https://mstdn.jp/@meow_dqx
178853,nyanco696,https://mstdn.jp/@nyanco696
178853,nyanco696,https://mstdn.jp/@nyanco696
185881,yhlee,https://noveldon.com/@yhlee
185881,yhlee,https://noveldon.com/@yhlee
18671,ukiuki,https://mstdn.jp/@ukiuki
18671,ukiuki,https://mstdn.jp/@ukiuki
15959,eto,https://mstdn.jp/@eto
15959,eto,https://mstdn.jp/@eto
28497,shi3z,https://mstdn.onosendai.jp/@shi3z
28497,shi3z,https://mstdn.onosendai.jp/@shi3z
18354,misokichi,https://mstdn.jp/@misokichi
18354,misokichi,https://mstdn.jp/@misokichi
157468,lovebeer73,https://pawoo.net/@lovebeer73
157468,lovebeer73,https://pawoo.net/@lovebeer73
52461,kagua,https://mstdn.jp/@kagua
52461,kagua,https://mstdn.jp/@kagua
221675,Mayumana,https://mstdn.jp/@Mayumana
221675,Mayumana,https://mstdn.jp/@Mayumana
214477,atsushidon,https://mstdn.jp/@atsushidon
214477,atsushidon,https://mstdn.jp/@atsushidon
43418,DKMR,https://pawoo.net/@DKMR
62240,tohalumina,https://mstdn.jp/@tohalumina
62240,tohalumina,https://mstdn.jp/@tohalumina
141856,ZAP,https://pawoo.net/@ZAP
141856,ZAP,https://pawoo.net/@ZAP
224003,yoakimandersson,https://mstdn.jp/@yoakimandersson
224003,yoakimandersson,https://mstdn.jp/@yoakimandersson
94028,kanyan,https://mstdn.jp/@kanyan
94028,kanyan,https://mstdn.jp/@kanyan
120705,takota,https://mstdn.jp/@takota
120705,takota,https://mstdn.jp/@takota
42860,Otanimasamitsu,https://mstdn.jp/@Otanimasamitsu
42860,Otanimasamitsu,https://mstdn.jp/@Otanimasamitsu
114695,sergiok,https://hex.bz/@sergiok
23764,ent,https://mstdn.jp/@ent
7880,suteneko1027,https://mstdn.jp/@suteneko1027
134493,wcyswk,https://mastodon.zaclys.com/@wcyswk
140596,simu,https://mstdn.jp/@simu
114335,0609Lu_nA,https://pawoo.net/@0609Lu_nA
90716,redbear,https://mstdn.jp/@redbear
8478,nanaumi,https://mstdn.jp/@nanaumi
8478,nanaumi,https://mstdn.jp/@nanaumi
90716,redbear,https://mstdn.jp/@redbear
90716,redbear,https://mstdn.jp/@redbear
8478,nanaumi,https://mstdn.jp/@nanaumi
8478,nanaumi,https://mstdn.jp/@nanaumi
90716,redbear,https://mstdn.jp/@redbear
90716,redbear,https://mstdn.jp/@redbear
8478,nanaumi,https://mstdn.jp/@nanaumi
8478,nanaumi,https://mstdn.jp/@nanaumi
90716,redbear,https://mstdn.jp/@redbear
90716,redbear,https://mstdn.jp/@redbear
8478,nanaumi,https://mstdn.jp/@nanaumi
8478,nanaumi,https://mstdn.jp/@nanaumi
5846,pikoshimame,https://mstdn.jp/@pikoshimame
5846,pikoshimame,https://mstdn.jp/@pikoshimame
58923,yairodeeesu,https://mstdn.jp/@yairodeeesu
58923,yairodeeesu,https://mstdn.jp/@yairodeeesu
1336,nora,https://mstdn.jp/@nora
1336,nora,https://mstdn.jp/@nora
57780,NAN_SRA,https://mstdn.jp/@NAN_SRA
57780,NAN_SRA,https://mstdn.jp/@NAN_SRA
102543,OBOtto,https://pawoo.net/@OBOtto
102543,OBOtto,https://pawoo.net/@OBOtto
12,nullkal,https://mstdn.jp/@nullkal
12,nullkal,https://mstdn.jp/@nullkal
222903,Urox,https://mstdn.kemono-friends.info/@Urox
222903,Urox,https://mstdn.kemono-friends.info/@Urox
120662,alpinev6turbo,https://pawoo.net/@alpinev6turbo
281,yagitch,https://mstdn.jp/@yagitch
281,yagitch,https://mstdn.jp/@yagitch
17817,reginn666,https://mstdn.jp/@reginn666
17817,reginn666,https://mstdn.jp/@reginn666
301349,laco,https://mstdn.jp/@laco
301349,laco,https://mstdn.jp/@laco
12,nullkal,https://mstdn.jp/@nullkal
12,nullkal,https://mstdn.jp/@nullkal
323655,SarcasmKid,https://pleroma.soykaf.com/users/SarcasmKid
323655,SarcasmKid,https://pleroma.soykaf.com/users/SarcasmKid
73852,tono0123,https://mstdn.jp/@tono0123
105260,konnosela,https://mstdn.jp/@konnosela
42814,0_2,https://mstdn.jp/@0_2
61381,tanakh,https://pawoo.net/@tanakh
61381,tanakh,https://pawoo.net/@tanakh
69374,teruteru128,https://mstdn.jp/@teruteru128
69374,teruteru128,https://mstdn.jp/@teruteru128
59671,typhoon,https://unnerv.jp/@typhoon
59671,typhoon,https://unnerv.jp/@typhoon
79713,mnp4242e1awrnabb,https://pawoo.net/@mnp4242e1awrnabb
61172,Orafu,https://mstdn.jp/@Orafu
61172,Orafu,https://mstdn.jp/@Orafu
184417,MORI,https://mimumedon.com/@MORI
184417,MORI,https://mimumedon.com/@MORI
147669,Maria,https://noupti.me/@Maria
86900,Pharaenopsis,https://mstdn.jp/@Pharaenopsis
86900,Pharaenopsis,https://mstdn.jp/@Pharaenopsis
212865,eylul,https://mastodon.art/@eylul
212865,eylul,https://mastodon.art/@eylul
86900,Pharaenopsis,https://mstdn.jp/@Pharaenopsis
86900,Pharaenopsis,https://mstdn.jp/@Pharaenopsis
193826,saiga,https://photodn.net/@saiga
193826,saiga,https://photodn.net/@saiga
41024,manapensan,https://mstdn.jp/@manapensan
41024,manapensan,https://mstdn.jp/@manapensan
138623,shun_photo,https://mstdn.jp/@shun_photo
138623,shun_photo,https://mstdn.jp/@shun_photo
9674,Mebius486,https://mstdn.jp/@Mebius486
9674,Mebius486,https://mstdn.jp/@Mebius486
17849,mas_derkey,https://mstdn.jp/@mas_derkey
17849,mas_derkey,https://mstdn.jp/@mas_derkey
72881,VETRO,https://pawoo.net/@VETRO
72881,VETRO,https://pawoo.net/@VETRO
9674,Mebius486,https://mstdn.jp/@Mebius486
9674,Mebius486,https://mstdn.jp/@Mebius486
82126,kotapota,https://pawoo.net/@kotapota
82126,kotapota,https://pawoo.net/@kotapota
9674,Mebius486,https://mstdn.jp/@Mebius486
9674,Mebius486,https://mstdn.jp/@Mebius486
86442,tome116,https://mastodon.social/@tome116
86442,tome116,https://mastodon.social/@tome116
9674,Mebius486,https://mstdn.jp/@Mebius486
9674,Mebius486,https://mstdn.jp/@Mebius486
86998,hiru0316neko,https://pawoo.net/@hiru0316neko
86998,hiru0316neko,https://pawoo.net/@hiru0316neko
9674,Mebius486,https://mstdn.jp/@Mebius486
9674,Mebius486,https://mstdn.jp/@Mebius486
86998,hiru0316neko,https://pawoo.net/@hiru0316neko
86998,hiru0316neko,https://pawoo.net/@hiru0316neko
9674,Mebius486,https://mstdn.jp/@Mebius486
9674,Mebius486,https://mstdn.jp/@Mebius486
65278,ponareon,https://pawoo.net/@ponareon
65278,ponareon,https://pawoo.net/@ponareon
9674,Mebius486,https://mstdn.jp/@Mebius486
9674,Mebius486,https://mstdn.jp/@Mebius486
17849,mas_derkey,https://mstdn.jp/@mas_derkey
17849,mas_derkey,https://mstdn.jp/@mas_derkey
65278,ponareon,https://pawoo.net/@ponareon
65278,ponareon,https://pawoo.net/@ponareon
17849,mas_derkey,https://mstdn.jp/@mas_derkey
17849,mas_derkey,https://mstdn.jp/@mas_derkey
9674,Mebius486,https://mstdn.jp/@Mebius486
9674,Mebius486,https://mstdn.jp/@Mebius486
86442,tome116,https://mastodon.social/@tome116
86442,tome116,https://mastodon.social/@tome116
86973,tome116,https://mstdn.jp/@tome116
86973,tome116,https://mstdn.jp/@tome116
9674,Mebius486,https://mstdn.jp/@Mebius486
9674,Mebius486,https://mstdn.jp/@Mebius486
72881,VETRO,https://pawoo.net/@VETRO
72881,VETRO,https://pawoo.net/@VETRO
17849,mas_derkey,https://mstdn.jp/@mas_derkey
17849,mas_derkey,https://mstdn.jp/@mas_derkey
100987,yamazaki,https://mstdn.yamachan.org/@yamazaki
100987,yamazaki,https://mstdn.yamachan.org/@yamazaki
17849,mas_derkey,https://mstdn.jp/@mas_derkey
17849,mas_derkey,https://mstdn.jp/@mas_derkey
100987,yamazaki,https://mstdn.yamachan.org/@yamazaki
100987,yamazaki,https://mstdn.yamachan.org/@yamazaki
17849,mas_derkey,https://mstdn.jp/@mas_derkey
17849,mas_derkey,https://mstdn.jp/@mas_derkey
93629,hinanoi,https://otoya.space/@hinanoi
93629,hinanoi,https://otoya.space/@hinanoi
86713,pinyupuhi,https://mstdn.jp/@pinyupuhi
86713,pinyupuhi,https://mstdn.jp/@pinyupuhi
115929,jonny,https://mstdn.jp/@jonny
115929,jonny,https://mstdn.jp/@jonny
115932,yugo0226,https://mstdn.jp/@yugo0226
115932,yugo0226,https://mstdn.jp/@yugo0226
115929,jonny,https://mstdn.jp/@jonny
115929,jonny,https://mstdn.jp/@jonny
115932,yugo0226,https://mstdn.jp/@yugo0226
115932,yugo0226,https://mstdn.jp/@yugo0226
110375,patioglass,https://pawoo.net/@patioglass
110375,patioglass,https://pawoo.net/@patioglass
69887,doyagao,https://mstdn.jp/@doyagao
69887,doyagao,https://mstdn.jp/@doyagao
59953,noriko_sama,https://mstdn.jp/@noriko_sama
59953,noriko_sama,https://mstdn.jp/@noriko_sama
340936,kiji_tiger,https://mstdn.jp/@kiji_tiger
340936,kiji_tiger,https://mstdn.jp/@kiji_tiger
5418,ymd,https://mstdn.jp/@ymd
5418,ymd,https://mstdn.jp/@ymd
326461,cucumber8,https://mstdn.jp/@cucumber8
326461,cucumber8,https://mstdn.jp/@cucumber8
71617,PepCola,https://mstdn.jp/@PepCola
71617,PepCola,https://mstdn.jp/@PepCola
351060,sl,https://theboss.tech/@sl
351060,sl,https://theboss.tech/@sl
221021,nishin1,https://mstdn.jp/@nishin1
221021,nishin1,https://mstdn.jp/@nishin1
236020,kunu22,https://mstdn.jp/@kunu22
236020,kunu22,https://mstdn.jp/@kunu22
197374,kaznak,https://mstdn.jp/@kaznak
197374,kaznak,https://mstdn.jp/@kaznak
502923,rougai,https://mstdn.jp/@rougai
502923,rougai,https://mstdn.jp/@rougai
261312,mstdn_jp,https://mstdn.jp/@mstdn_jp
261312,mstdn_jp,https://mstdn.jp/@mstdn_jp
91656,akifujii,https://mstdn.jp/@akifujii
154483,ryfjwr,https://mstdn.jp/@ryfjwr
158157,thezerobit,https://anticapitalist.party/@thezerobit
81138,Machelsea,https://mstdn.jp/@Machelsea
26697,soo_mei,https://mstdn.jp/@soo_mei
26697,soo_mei,https://mstdn.jp/@soo_mei
66434,rinrinne,https://pawoo.net/@rinrinne
66434,rinrinne,https://pawoo.net/@rinrinne
59076,rin_ne,https://mstdn.jp/@rin_ne
59076,rin_ne,https://mstdn.jp/@rin_ne
66434,rinrinne,https://pawoo.net/@rinrinne
66434,rinrinne,https://pawoo.net/@rinrinne
36580,co_jit,https://mstdn.jp/@co_jit
36580,co_jit,https://mstdn.jp/@co_jit
2297,zetamatta,https://mstdn.jp/@zetamatta
2297,zetamatta,https://mstdn.jp/@zetamatta
178462,itmedia_news,https://mstdn.itmedia.co.jp/@itmedia_news
178462,itmedia_news,https://mstdn.itmedia.co.jp/@itmedia_news
65940,argos_heart,https://mstdn.jp/@argos_heart
65940,argos_heart,https://mstdn.jp/@argos_heart
4372,meetmebob,https://mstdn.jp/@meetmebob
4372,meetmebob,https://mstdn.jp/@meetmebob
3457,k_kishimoto0114,https://mstdn.jp/@k_kishimoto0114
3457,k_kishimoto0114,https://mstdn.jp/@k_kishimoto0114
27932,tekuteku,https://mstdn.jp/@tekuteku
27932,tekuteku,https://mstdn.jp/@tekuteku
347787,buchinomesu_zo,https://mstdn.jp/@buchinomesu_zo
347787,buchinomesu_zo,https://mstdn.jp/@buchinomesu_zo
236020,kunu22,https://mstdn.jp/@kunu22
236020,kunu22,https://mstdn.jp/@kunu22
217114,boner,https://mstdn.jp/@boner
217114,boner,https://mstdn.jp/@boner
85893,unarist,https://mstdn.maud.io/@unarist
85893,unarist,https://mstdn.maud.io/@unarist
10290,mzp,https://mstdn.jp/@mzp
10290,mzp,https://mstdn.jp/@mzp
442719,enya,https://mstdn.nere9.help/@enya
442719,enya,https://mstdn.nere9.help/@enya
10290,mzp,https://mstdn.jp/@mzp
10290,mzp,https://mstdn.jp/@mzp
32015,t_yano,https://mstdn.jp/@t_yano
32015,t_yano,https://mstdn.jp/@t_yano
12,nullkal,https://mstdn.jp/@nullkal
12,nullkal,https://mstdn.jp/@nullkal
279910,nayutime,https://mstdn.maud.io/@nayutime
279910,nayutime,https://mstdn.maud.io/@nayutime
19492,sinister_hanage,https://mstdn.jp/@sinister_hanage
73705,Hirokazu_329,https://mastwi.herokuapp.com/@Hirokazu_329
143108,TOMATORERIN,https://mstdn.jp/@TOMATORERIN
118678,cocoa_yuuka_er,https://mstdn.jp/@cocoa_yuuka_er
118678,cocoa_yuuka_er,https://mstdn.jp/@cocoa_yuuka_er
203796,shinobu_gedo,https://pawoo.net/@shinobu_gedo
203796,shinobu_gedo,https://pawoo.net/@shinobu_gedo
32739,JILL_mw,https://mstdn.jp/@JILL_mw
32739,JILL_mw,https://mstdn.jp/@JILL_mw
34689,akiman,https://mstdn.jp/@akiman
34689,akiman,https://mstdn.jp/@akiman
35009,perros,https://mstdn.jp/@perros
35009,perros,https://mstdn.jp/@perros
37063,mizuncoo,https://mstdn.jp/@mizuncoo
37063,mizuncoo,https://mstdn.jp/@mizuncoo
88837,snf,https://pawoo.net/@snf
88837,snf,https://pawoo.net/@snf
225287,kaepon,https://mstdn.jp/@kaepon
225287,kaepon,https://mstdn.jp/@kaepon
37119,tokumura,https://mstdn.jp/@tokumura
37119,tokumura,https://mstdn.jp/@tokumura
99949,tofu,https://mstdn.aoitofu.net/@tofu
99949,tofu,https://mstdn.aoitofu.net/@tofu
28204,masanobu,https://mstdn.jp/@masanobu
28204,masanobu,https://mstdn.jp/@masanobu
50468,etc2017,https://mstdn.jp/@etc2017
50468,etc2017,https://mstdn.jp/@etc2017
4672,yontengoP,https://mstdn-workers.com/@yontengoP
4672,yontengoP,https://mstdn-workers.com/@yontengoP
12393,as_hash,https://mstdn.jp/@as_hash
12393,as_hash,https://mstdn.jp/@as_hash
92499,narabo,https://yontengop.com/@narabo
92499,narabo,https://yontengop.com/@narabo
64514,moriyashinichiro,https://mstdn.jp/@moriyashinichiro
64514,moriyashinichiro,https://mstdn.jp/@moriyashinichiro
37449,mtempa,https://pawoo.net/@mtempa
37449,mtempa,https://pawoo.net/@mtempa
281,yagitch,https://mstdn.jp/@yagitch
281,yagitch,https://mstdn.jp/@yagitch
120705,takota,https://mstdn.jp/@takota
120705,takota,https://mstdn.jp/@takota
38766,meliza,https://mstdn.jp/@meliza
38766,meliza,https://mstdn.jp/@meliza
115224,tomifla,https://friends.nico/@tomifla
115224,tomifla,https://friends.nico/@tomifla
12,nullkal,https://mstdn.jp/@nullkal
12,nullkal,https://mstdn.jp/@nullkal
321139,umikaki5017,https://mastodon-train.info/@umikaki5017
321139,umikaki5017,https://mastodon-train.info/@umikaki5017
218576,smhn,https://mstdn.jp/@smhn
218576,smhn,https://mstdn.jp/@smhn
53822,rayu0401,https://mstdn.jp/@rayu0401
53822,rayu0401,https://mstdn.jp/@rayu0401
285947,kitakyumin,https://pawoo.net/@kitakyumin
285947,kitakyumin,https://pawoo.net/@kitakyumin
14115,jino,https://mstdn.jp/@jino
14115,jino,https://mstdn.jp/@jino
72785,mitubaex,https://mstdn.jp/@mitubaex
72785,mitubaex,https://mstdn.jp/@mitubaex
150143,kodam,https://friends.nico/@kodam
150143,kodam,https://friends.nico/@kodam
157067,Nishishishi244,https://mstdn.jp/@Nishishishi244
157067,Nishishishi244,https://mstdn.jp/@Nishishishi244
110660,KumaGyoza,https://friends.nico/@KumaGyoza
110660,KumaGyoza,https://friends.nico/@KumaGyoza
46876,higawari,https://mstdn.jp/@higawari
46876,higawari,https://mstdn.jp/@higawari
316310,qblock,https://mushroomkingdomdon.m.to/@qblock
316310,qblock,https://mushroomkingdomdon.m.to/@qblock
17984,reitou1004,https://mstdn.jp/@reitou1004
17984,reitou1004,https://mstdn.jp/@reitou1004
261102,Cheeky_alice,https://mstdn.jp/@Cheeky_alice
261102,Cheeky_alice,https://mstdn.jp/@Cheeky_alice
29584,MW_Player_Noko,https://mstdn.jp/@MW_Player_Noko
29584,MW_Player_Noko,https://mstdn.jp/@MW_Player_Noko
496677,manda,https://mstdn.jp/@manda
496677,manda,https://mstdn.jp/@manda
485224,BnmuVnX5a1lE,https://mstdn.jp/@BnmuVnX5a1lE
485224,BnmuVnX5a1lE,https://mstdn.jp/@BnmuVnX5a1lE
261312,mstdn_jp,https://mstdn.jp/@mstdn_jp
261312,mstdn_jp,https://mstdn.jp/@mstdn_jp
41904,akabanehand,https://mstdn.jp/@akabanehand
12,nullkal,https://mstdn.jp/@nullkal
12,nullkal,https://mstdn.jp/@nullkal
326619,nullkal,https://mstdn.monappy.jp/@nullkal
326619,nullkal,https://mstdn.monappy.jp/@nullkal
32592,awaawahour,https://pawoo.net/@awaawahour
143449,Komanosuke,https://mstdn.jp/@Komanosuke
140610,49percent,https://mstdn.jp/@49percent
86124,mnp32cjw4b141abb,https://pawoo.net/@mnp32cjw4b141abb
61172,Orafu,https://mstdn.jp/@Orafu
61172,Orafu,https://mstdn.jp/@Orafu
74256,omifull,https://mstdn.club/@omifull
74256,omifull,https://mstdn.club/@omifull
73863,Sfor2a,https://mstdn.jp/@Sfor2a
73863,Sfor2a,https://mstdn.jp/@Sfor2a
33546,Pawoo,https://mstdn.jp/@Pawoo
33546,Pawoo,https://mstdn.jp/@Pawoo
143597,tiger333,https://mstdn.jp/@tiger333
143597,tiger333,https://mstdn.jp/@tiger333
167323,minase_souya,https://mstdn.jp/@minase_souya
167323,minase_souya,https://mstdn.jp/@minase_souya
187878,Streem8828,https://friends.nico/@Streem8828
187878,Streem8828,https://friends.nico/@Streem8828
138189,kamisuke,https://mstdn.jp/@kamisuke
138189,kamisuke,https://mstdn.jp/@kamisuke
284210,neKomAri,https://pawoo.net/@neKomAri
284210,neKomAri,https://pawoo.net/@neKomAri
17984,reitou1004,https://mstdn.jp/@reitou1004
17984,reitou1004,https://mstdn.jp/@reitou1004
7965,aoimasami,https://pawoo.net/@aoimasami
7965,aoimasami,https://pawoo.net/@aoimasami
1645,nakaishow,https://mstdn.jp/@nakaishow
1645,nakaishow,https://mstdn.jp/@nakaishow
328082,takeya6974,https://pawoo.net/@takeya6974
328082,takeya6974,https://pawoo.net/@takeya6974
26881,la_float,https://mstdn.jp/@la_float
117002,heroverhrk,https://mstdn.jp/@heroverhrk
117002,heroverhrk,https://mstdn.jp/@heroverhrk
26881,la_float,https://mstdn.jp/@la_float
26881,la_float,https://mstdn.jp/@la_float
117002,heroverhrk,https://mstdn.jp/@heroverhrk
117002,heroverhrk,https://mstdn.jp/@heroverhrk
39225,moshi8,https://mstdn.jp/@moshi8
39225,moshi8,https://mstdn.jp/@moshi8
12,nullkal,https://mstdn.jp/@nullkal
12,nullkal,https://mstdn.jp/@nullkal
1431,Kojiro,https://mstdn.jp/@Kojiro
1431,Kojiro,https://mstdn.jp/@Kojiro
154385,mammoth9878,https://pawoo.net/@mammoth9878
154385,mammoth9878,https://pawoo.net/@mammoth9878
1645,nakaishow,https://mstdn.jp/@nakaishow
1645,nakaishow,https://mstdn.jp/@nakaishow
113547,cyanmiaisiteru,https://pawoo.net/@cyanmiaisiteru
113547,cyanmiaisiteru,https://pawoo.net/@cyanmiaisiteru
112144,foxcage,https://mstdn.jp/@foxcage
121049,ryosen2525,https://pawoo.net/@ryosen2525
161108,tkusanagi,https://mstdn.jp/@tkusanagi
8198,Hyuga,https://mstdn.jp/@Hyuga
101652,say,https://mstdn.jp/@say
26870,kitanokanata,https://pawoo.net/@kitanokanata
118382,Navy450,https://mstdn.jp/@Navy450
116710,shuhei81,https://mstdn.jp/@shuhei81
51649,Owlbert,https://mastodon.xyz/@Owlbert
53330,ekuran,https://mstdn.jp/@ekuran
15613,uky,https://mstdn.jp/@uky
21042,nori_ksn,https://mstdn.jp/@nori_ksn
63855,Spring_Game,https://mstdn.jp/@Spring_Game
80238,mnpp1sk31v21cabb,https://pawoo.net/@mnpp1sk31v21cabb
61172,Orafu,https://mstdn.jp/@Orafu
61172,Orafu,https://mstdn.jp/@Orafu
70834,annuifok,https://mstdn.jp/@annuifok
70834,annuifok,https://mstdn.jp/@annuifok
40680,3b7960,https://mstdn.jp/@3b7960
40680,3b7960,https://mstdn.jp/@3b7960
336678,Tnli,https://mstdn.jp/@Tnli
336678,Tnli,https://mstdn.jp/@Tnli
445392,sou_iu_koto,https://mstdn.jp/@sou_iu_koto
445392,sou_iu_koto,https://mstdn.jp/@sou_iu_koto
280488,tsainiao,https://mstdn.jp/@tsainiao
280488,tsainiao,https://mstdn.jp/@tsainiao
426816,CFCB,https://mstdn.jp/@CFCB
426816,CFCB,https://mstdn.jp/@CFCB
234419,nelsoncoffeeroaster,https://pawoo.net/@nelsoncoffeeroaster
234419,nelsoncoffeeroaster,https://pawoo.net/@nelsoncoffeeroaster
58183,kyu_XD,https://mstdn.jp/@kyu_XD
58183,kyu_XD,https://mstdn.jp/@kyu_XD
323767,oratsukimaid,https://mstdn.jp/@oratsukimaid
323767,oratsukimaid,https://mstdn.jp/@oratsukimaid
24793,civ_penguin25,https://mstdn.jp/@civ_penguin25
24793,civ_penguin25,https://mstdn.jp/@civ_penguin25
290899,Knzk,https://knzk.me/@Knzk
290899,Knzk,https://knzk.me/@Knzk
161519,o0o,https://mstdn.jp/@o0o
161519,o0o,https://mstdn.jp/@o0o
323767,oratsukimaid,https://mstdn.jp/@oratsukimaid
323767,oratsukimaid,https://mstdn.jp/@oratsukimaid
483526,C10H16N2O8,https://mstdn.jp/@C10H16N2O8
483526,C10H16N2O8,https://mstdn.jp/@C10H16N2O8
17655,Dunavo,https://mstdn.jp/@Dunavo
17655,Dunavo,https://mstdn.jp/@Dunavo
297429,Lux_PKMN,https://pokemon.mastportal.info/@Lux_PKMN
297429,Lux_PKMN,https://pokemon.mastportal.info/@Lux_PKMN
343196,g0d,https://mstdn.jp/@g0d
343196,g0d,https://mstdn.jp/@g0d
67962,ochibasi,https://tablegame.mstdn.cloud/@ochibasi
67962,ochibasi,https://tablegame.mstdn.cloud/@ochibasi
343196,g0d,https://mstdn.jp/@g0d
343196,g0d,https://mstdn.jp/@g0d
331231,luana,https://pawoo.net/@luana
331231,luana,https://pawoo.net/@luana
331160,minutes,https://mstdn.jp/@minutes
331160,minutes,https://mstdn.jp/@minutes
331226,W_Northwood,https://mstdn.jp/@W_Northwood
331226,W_Northwood,https://mstdn.jp/@W_Northwood
261312,mstdn_jp,https://mstdn.jp/@mstdn_jp
261312,mstdn_jp,https://mstdn.jp/@mstdn_jp
94416,kiyotoshi_y,https://mstdn.jp/@kiyotoshi_y
127941,doberaccho,https://pawoo.net/@doberaccho
40918,mr_mr_president,https://mastodon.cloud/@mr_mr_president
22628,sayudot,https://mstdn.jp/@sayudot
22628,sayudot,https://mstdn.jp/@sayudot
266817,Tom__Boy,https://mstdn.jp/@Tom__Boy
266817,Tom__Boy,https://mstdn.jp/@Tom__Boy
232366,lolitoi_homu,https://mstdn.jp/@lolitoi_homu
232366,lolitoi_homu,https://mstdn.jp/@lolitoi_homu
248541,ritomas0119,https://mstdn.jp/@ritomas0119
248541,ritomas0119,https://mstdn.jp/@ritomas0119
177001,sisyo,https://friends.nico/@sisyo
177001,sisyo,https://friends.nico/@sisyo
427194,KakiRan,https://mstdn.jp/@KakiRan
427194,KakiRan,https://mstdn.jp/@KakiRan
323767,oratsukimaid,https://mstdn.jp/@oratsukimaid
323767,oratsukimaid,https://mstdn.jp/@oratsukimaid
502847,paco,https://friends.nico/@paco
502847,paco,https://friends.nico/@paco
121628,Kazamin,https://mstdn.jp/@Kazamin
121628,Kazamin,https://mstdn.jp/@Kazamin
156553,munyumunyu,https://mstdn.jp/@munyumunyu
156553,munyumunyu,https://mstdn.jp/@munyumunyu
236020,kunu22,https://mstdn.jp/@kunu22
236020,kunu22,https://mstdn.jp/@kunu22
424120,naphthalene,https://mstdn.jp/@naphthalene
424120,naphthalene,https://mstdn.jp/@naphthalene
468449,Hemi_ex,https://mstdn.jp/@Hemi_ex
468449,Hemi_ex,https://mstdn.jp/@Hemi_ex
408645,flowed_yodogawa,https://mstdn.jp/@flowed_yodogawa
408645,flowed_yodogawa,https://mstdn.jp/@flowed_yodogawa
261312,mstdn_jp,https://mstdn.jp/@mstdn_jp
261312,mstdn_jp,https://mstdn.jp/@mstdn_jp
114705,kujirou,https://mstdn.jp/@kujirou
126026,cl1,https://pawoo.net/@cl1
98595,myo_ga,https://mstdn.jp/@myo_ga
4020,kitakyumin,https://mstdn.jp/@kitakyumin
4020,kitakyumin,https://mstdn.jp/@kitakyumin
8275,rin,https://mstdn.jp/@rin
8275,rin,https://mstdn.jp/@rin
336303,hrk1014,https://mstdn.jp/@hrk1014
336303,hrk1014,https://mstdn.jp/@hrk1014
66098,skcjapan,https://mstdn.jp/@skcjapan
66098,skcjapan,https://mstdn.jp/@skcjapan
25828,Gagnoa,https://mstdn.jp/@Gagnoa
25828,Gagnoa,https://mstdn.jp/@Gagnoa
154051,bringer,https://mstdn.jp/@bringer
154051,bringer,https://mstdn.jp/@bringer
315959,nyanda16,https://mstdn.jp/@nyanda16
315959,nyanda16,https://mstdn.jp/@nyanda16
332720,digi_tan,https://pawoo.net/@digi_tan
332720,digi_tan,https://pawoo.net/@digi_tan
135678,Azukyuda,https://mstdn.jp/@Azukyuda
135678,Azukyuda,https://mstdn.jp/@Azukyuda
175487,POGO,https://mstdn.jp/@POGO
175487,POGO,https://mstdn.jp/@POGO
4020,kitakyumin,https://mstdn.jp/@kitakyumin
4020,kitakyumin,https://mstdn.jp/@kitakyumin
293356,Fs,https://pawoo.net/@Fs
293356,Fs,https://pawoo.net/@Fs
15501,hokekiyoo,https://mstdn.jp/@hokekiyoo
15501,hokekiyoo,https://mstdn.jp/@hokekiyoo
62583,Fastel,https://mstdn.jp/@Fastel
62583,Fastel,https://mstdn.jp/@Fastel
458712,llxyo,https://mstdn.nere9.help/@llxyo
458712,llxyo,https://mstdn.nere9.help/@llxyo
40863,kijhftio,https://mstdn.jp/@kijhftio
40863,kijhftio,https://mstdn.jp/@kijhftio
448023,miuRu,https://mstdn.jp/@miuRu
448023,miuRu,https://mstdn.jp/@miuRu
336264,ohana_flower,https://mstdn.jp/@ohana_flower
336264,ohana_flower,https://mstdn.jp/@ohana_flower
341405,federationbot,https://arktos.social/@federationbot
341405,federationbot,https://arktos.social/@federationbot
330577,cwct,https://mstdn.jp/@cwct
330577,cwct,https://mstdn.jp/@cwct
30942,kon_,https://mstdn.jp/@kon_
30942,kon_,https://mstdn.jp/@kon_
38456,f_yamaki,https://mstdn.jp/@f_yamaki
38456,f_yamaki,https://mstdn.jp/@f_yamaki
46013,FromC,https://mstdn.jp/@FromC
46013,FromC,https://mstdn.jp/@FromC
416414,Mikoto555,https://mstdn.jp/@Mikoto555
416414,Mikoto555,https://mstdn.jp/@Mikoto555
104823,moriyaki,https://mstdn.jp/@moriyaki
104823,moriyaki,https://mstdn.jp/@moriyaki
193334,sinKeNy,https://mstdn.jp/@sinKeNy
193334,sinKeNy,https://mstdn.jp/@sinKeNy
279645,bobobol,https://mstdn.jp/@bobobol
279645,bobobol,https://mstdn.jp/@bobobol
99387,takurou_mashuko,https://mstdn.jp/@takurou_mashuko
99387,takurou_mashuko,https://mstdn.jp/@takurou_mashuko
312111,0hrmg0,https://theboss.tech/@0hrmg0
312111,0hrmg0,https://theboss.tech/@0hrmg0
97449,yukimidaifuku,https://mstdn.jp/@yukimidaifuku
97449,yukimidaifuku,https://mstdn.jp/@yukimidaifuku
293955,avondaran,https://mstdn-workers.com/@avondaran
293955,avondaran,https://mstdn-workers.com/@avondaran
225423,nauman,https://mstdn.jp/@nauman
225423,nauman,https://mstdn.jp/@nauman
284953,c4nD,https://mstdn.jp/@c4nD
284953,c4nD,https://mstdn.jp/@c4nD
485415,uzura_panko,https://mstdn.jp/@uzura_panko
485415,uzura_panko,https://mstdn.jp/@uzura_panko
423777,MaipleLab,https://friends.nico/@MaipleLab
423777,MaipleLab,https://friends.nico/@MaipleLab
17624,botamochi5522,https://mstdn.jp/@botamochi5522
17624,botamochi5522,https://mstdn.jp/@botamochi5522
5004,go_vm,https://vmrpc.net/@go_vm
5004,go_vm,https://vmrpc.net/@go_vm
301275,Keemia37,https://mstdn.jp/@Keemia37
301275,Keemia37,https://mstdn.jp/@Keemia37
200933,moyashimanjyu,https://meganekeesu.tokyo/@moyashimanjyu
200933,moyashimanjyu,https://meganekeesu.tokyo/@moyashimanjyu
136212,Tokyo_koinu,https://mstdn.jp/@Tokyo_koinu
136212,Tokyo_koinu,https://mstdn.jp/@Tokyo_koinu
156248,kunyking,https://mstdn.hyogo.jp/@kunyking
156248,kunyking,https://mstdn.hyogo.jp/@kunyking
136212,Tokyo_koinu,https://mstdn.jp/@Tokyo_koinu
136212,Tokyo_koinu,https://mstdn.jp/@Tokyo_koinu
339242,OPA68,https://mstdn.jp/@OPA68
339242,OPA68,https://mstdn.jp/@OPA68
5546,zzz__zzz__zzz,https://mstdn.jp/@zzz__zzz__zzz
5546,zzz__zzz__zzz,https://mstdn.jp/@zzz__zzz__zzz
164165,niconico321,https://friends.nico/@niconico321
164165,niconico321,https://friends.nico/@niconico321
17984,reitou1004,https://mstdn.jp/@reitou1004
17984,reitou1004,https://mstdn.jp/@reitou1004
121568,aozikosyoten,https://pawoo.net/@aozikosyoten
121568,aozikosyoten,https://pawoo.net/@aozikosyoten
281,yagitch,https://mstdn.jp/@yagitch
281,yagitch,https://mstdn.jp/@yagitch
118335,RIN184,https://friends.nico/@RIN184
118335,RIN184,https://friends.nico/@RIN184
51747,penguinzaurs,https://mstdn.jp/@penguinzaurs
51747,penguinzaurs,https://mstdn.jp/@penguinzaurs
176493,hongeipii,https://mstdn.jp/@hongeipii
176493,hongeipii,https://mstdn.jp/@hongeipii
179111,yusuke_man,https://pawoo.net/@yusuke_man
179111,yusuke_man,https://pawoo.net/@yusuke_man
329018,Cos45pako,https://mstdn.jp/@Cos45pako
329018,Cos45pako,https://mstdn.jp/@Cos45pako
283188,butayarou,https://pawoo.net/@butayarou
283188,butayarou,https://pawoo.net/@butayarou
292053,erl_konig,https://mstdn.jp/@erl_konig
292053,erl_konig,https://mstdn.jp/@erl_konig
13880,f6731713,https://mstdn.jp/@f6731713
13880,f6731713,https://mstdn.jp/@f6731713
293602,pompompudding,https://knzk.me/@pompompudding
293602,pompompudding,https://knzk.me/@pompompudding
291011,Truth_hturT,https://mstdn.jp/@Truth_hturT
291011,Truth_hturT,https://mstdn.jp/@Truth_hturT
314612,CaraMacchi,https://mstdn.jp/@CaraMacchi
314612,CaraMacchi,https://mstdn.jp/@CaraMacchi
322063,nanachikw,https://abyss.fun/@nanachikw
322063,nanachikw,https://abyss.fun/@nanachikw
3203,MEGACHASER,https://mstdn.jp/@MEGACHASER
3203,MEGACHASER,https://mstdn.jp/@MEGACHASER
293448,nok,https://pennywise.m.to/@nok
293448,nok,https://pennywise.m.to/@nok
46013,FromC,https://mstdn.jp/@FromC
46013,FromC,https://mstdn.jp/@FromC
75965,finesnow,https://mstdn.jp/@finesnow
75965,finesnow,https://mstdn.jp/@finesnow
137984,pantomimer,https://mstdn.jp/@pantomimer
137984,pantomimer,https://mstdn.jp/@pantomimer
303484,15008,https://friends.nico/@15008
303484,15008,https://friends.nico/@15008
277583,coldcase91,https://mstdn.jp/@coldcase91
277583,coldcase91,https://mstdn.jp/@coldcase91
293842,majimekayo,https://mstdn.jp/@majimekayo
293842,majimekayo,https://mstdn.jp/@majimekayo
123035,mei092,https://mstdn.jp/@mei092
123035,mei092,https://mstdn.jp/@mei092
193780,soymilk,https://friends.nico/@soymilk
193780,soymilk,https://friends.nico/@soymilk
42192,gip_ches,https://mstdn.jp/@gip_ches
42192,gip_ches,https://mstdn.jp/@gip_ches
6028,gu_0v0,https://mstdn.jp/@gu_0v0
6028,gu_0v0,https://mstdn.jp/@gu_0v0
136290,az_shibata,https://mstdn.jp/@az_shibata
136290,az_shibata,https://mstdn.jp/@az_shibata
6028,gu_0v0,https://mstdn.jp/@gu_0v0
6028,gu_0v0,https://mstdn.jp/@gu_0v0
136290,az_shibata,https://mstdn.jp/@az_shibata
136290,az_shibata,https://mstdn.jp/@az_shibata
6028,gu_0v0,https://mstdn.jp/@gu_0v0
6028,gu_0v0,https://mstdn.jp/@gu_0v0
136290,az_shibata,https://mstdn.jp/@az_shibata
136290,az_shibata,https://mstdn.jp/@az_shibata
6028,gu_0v0,https://mstdn.jp/@gu_0v0
6028,gu_0v0,https://mstdn.jp/@gu_0v0
136290,az_shibata,https://mstdn.jp/@az_shibata
136290,az_shibata,https://mstdn.jp/@az_shibata
6028,gu_0v0,https://mstdn.jp/@gu_0v0
6028,gu_0v0,https://mstdn.jp/@gu_0v0
136290,az_shibata,https://mstdn.jp/@az_shibata
136290,az_shibata,https://mstdn.jp/@az_shibata
6028,gu_0v0,https://mstdn.jp/@gu_0v0
6028,gu_0v0,https://mstdn.jp/@gu_0v0
136290,az_shibata,https://mstdn.jp/@az_shibata
136290,az_shibata,https://mstdn.jp/@az_shibata
6028,gu_0v0,https://mstdn.jp/@gu_0v0
6028,gu_0v0,https://mstdn.jp/@gu_0v0
136290,az_shibata,https://mstdn.jp/@az_shibata
136290,az_shibata,https://mstdn.jp/@az_shibata
6028,gu_0v0,https://mstdn.jp/@gu_0v0
6028,gu_0v0,https://mstdn.jp/@gu_0v0
136290,az_shibata,https://mstdn.jp/@az_shibata
136290,az_shibata,https://mstdn.jp/@az_shibata
6028,gu_0v0,https://mstdn.jp/@gu_0v0
6028,gu_0v0,https://mstdn.jp/@gu_0v0
136290,az_shibata,https://mstdn.jp/@az_shibata
136290,az_shibata,https://mstdn.jp/@az_shibata
6028,gu_0v0,https://mstdn.jp/@gu_0v0
6028,gu_0v0,https://mstdn.jp/@gu_0v0
136290,az_shibata,https://mstdn.jp/@az_shibata
136290,az_shibata,https://mstdn.jp/@az_shibata
6028,gu_0v0,https://mstdn.jp/@gu_0v0
6028,gu_0v0,https://mstdn.jp/@gu_0v0
136290,az_shibata,https://mstdn.jp/@az_shibata
136290,az_shibata,https://mstdn.jp/@az_shibata
6028,gu_0v0,https://mstdn.jp/@gu_0v0
6028,gu_0v0,https://mstdn.jp/@gu_0v0
136290,az_shibata,https://mstdn.jp/@az_shibata
136290,az_shibata,https://mstdn.jp/@az_shibata
6028,gu_0v0,https://mstdn.jp/@gu_0v0
6028,gu_0v0,https://mstdn.jp/@gu_0v0
136290,az_shibata,https://mstdn.jp/@az_shibata
136290,az_shibata,https://mstdn.jp/@az_shibata
6028,gu_0v0,https://mstdn.jp/@gu_0v0
6028,gu_0v0,https://mstdn.jp/@gu_0v0
136290,az_shibata,https://mstdn.jp/@az_shibata
136290,az_shibata,https://mstdn.jp/@az_shibata
6028,gu_0v0,https://mstdn.jp/@gu_0v0
6028,gu_0v0,https://mstdn.jp/@gu_0v0
136290,az_shibata,https://mstdn.jp/@az_shibata
136290,az_shibata,https://mstdn.jp/@az_shibata
6028,gu_0v0,https://mstdn.jp/@gu_0v0
6028,gu_0v0,https://mstdn.jp/@gu_0v0
136290,az_shibata,https://mstdn.jp/@az_shibata
136290,az_shibata,https://mstdn.jp/@az_shibata
6028,gu_0v0,https://mstdn.jp/@gu_0v0
6028,gu_0v0,https://mstdn.jp/@gu_0v0
136290,az_shibata,https://mstdn.jp/@az_shibata
136290,az_shibata,https://mstdn.jp/@az_shibata
6028,gu_0v0,https://mstdn.jp/@gu_0v0
6028,gu_0v0,https://mstdn.jp/@gu_0v0
136290,az_shibata,https://mstdn.jp/@az_shibata
136290,az_shibata,https://mstdn.jp/@az_shibata
6028,gu_0v0,https://mstdn.jp/@gu_0v0
6028,gu_0v0,https://mstdn.jp/@gu_0v0
136290,az_shibata,https://mstdn.jp/@az_shibata
136290,az_shibata,https://mstdn.jp/@az_shibata
6028,gu_0v0,https://mstdn.jp/@gu_0v0
6028,gu_0v0,https://mstdn.jp/@gu_0v0
136290,az_shibata,https://mstdn.jp/@az_shibata
136290,az_shibata,https://mstdn.jp/@az_shibata
6028,gu_0v0,https://mstdn.jp/@gu_0v0
6028,gu_0v0,https://mstdn.jp/@gu_0v0
136290,az_shibata,https://mstdn.jp/@az_shibata
136290,az_shibata,https://mstdn.jp/@az_shibata
6028,gu_0v0,https://mstdn.jp/@gu_0v0
6028,gu_0v0,https://mstdn.jp/@gu_0v0
136290,az_shibata,https://mstdn.jp/@az_shibata
136290,az_shibata,https://mstdn.jp/@az_shibata
6028,gu_0v0,https://mstdn.jp/@gu_0v0
6028,gu_0v0,https://mstdn.jp/@gu_0v0
136290,az_shibata,https://mstdn.jp/@az_shibata
136290,az_shibata,https://mstdn.jp/@az_shibata
6028,gu_0v0,https://mstdn.jp/@gu_0v0
6028,gu_0v0,https://mstdn.jp/@gu_0v0
136290,az_shibata,https://mstdn.jp/@az_shibata
136290,az_shibata,https://mstdn.jp/@az_shibata
6028,gu_0v0,https://mstdn.jp/@gu_0v0
6028,gu_0v0,https://mstdn.jp/@gu_0v0
136290,az_shibata,https://mstdn.jp/@az_shibata
136290,az_shibata,https://mstdn.jp/@az_shibata
6028,gu_0v0,https://mstdn.jp/@gu_0v0
6028,gu_0v0,https://mstdn.jp/@gu_0v0
136290,az_shibata,https://mstdn.jp/@az_shibata
136290,az_shibata,https://mstdn.jp/@az_shibata
6028,gu_0v0,https://mstdn.jp/@gu_0v0
6028,gu_0v0,https://mstdn.jp/@gu_0v0
136290,az_shibata,https://mstdn.jp/@az_shibata
136290,az_shibata,https://mstdn.jp/@az_shibata
6028,gu_0v0,https://mstdn.jp/@gu_0v0
6028,gu_0v0,https://mstdn.jp/@gu_0v0
136290,az_shibata,https://mstdn.jp/@az_shibata
136290,az_shibata,https://mstdn.jp/@az_shibata
6028,gu_0v0,https://mstdn.jp/@gu_0v0
6028,gu_0v0,https://mstdn.jp/@gu_0v0
136290,az_shibata,https://mstdn.jp/@az_shibata
136290,az_shibata,https://mstdn.jp/@az_shibata
6028,gu_0v0,https://mstdn.jp/@gu_0v0
6028,gu_0v0,https://mstdn.jp/@gu_0v0
136290,az_shibata,https://mstdn.jp/@az_shibata
136290,az_shibata,https://mstdn.jp/@az_shibata
6028,gu_0v0,https://mstdn.jp/@gu_0v0
6028,gu_0v0,https://mstdn.jp/@gu_0v0
136290,az_shibata,https://mstdn.jp/@az_shibata
136290,az_shibata,https://mstdn.jp/@az_shibata
6028,gu_0v0,https://mstdn.jp/@gu_0v0
6028,gu_0v0,https://mstdn.jp/@gu_0v0
136290,az_shibata,https://mstdn.jp/@az_shibata
136290,az_shibata,https://mstdn.jp/@az_shibata
6028,gu_0v0,https://mstdn.jp/@gu_0v0
6028,gu_0v0,https://mstdn.jp/@gu_0v0
136290,az_shibata,https://mstdn.jp/@az_shibata
136290,az_shibata,https://mstdn.jp/@az_shibata
6028,gu_0v0,https://mstdn.jp/@gu_0v0
6028,gu_0v0,https://mstdn.jp/@gu_0v0
136290,az_shibata,https://mstdn.jp/@az_shibata
136290,az_shibata,https://mstdn.jp/@az_shibata
6028,gu_0v0,https://mstdn.jp/@gu_0v0
6028,gu_0v0,https://mstdn.jp/@gu_0v0
136290,az_shibata,https://mstdn.jp/@az_shibata
136290,az_shibata,https://mstdn.jp/@az_shibata
6028,gu_0v0,https://mstdn.jp/@gu_0v0
6028,gu_0v0,https://mstdn.jp/@gu_0v0
136290,az_shibata,https://mstdn.jp/@az_shibata
136290,az_shibata,https://mstdn.jp/@az_shibata
6028,gu_0v0,https://mstdn.jp/@gu_0v0
6028,gu_0v0,https://mstdn.jp/@gu_0v0
136290,az_shibata,https://mstdn.jp/@az_shibata
136290,az_shibata,https://mstdn.jp/@az_shibata
6028,gu_0v0,https://mstdn.jp/@gu_0v0
6028,gu_0v0,https://mstdn.jp/@gu_0v0
136290,az_shibata,https://mstdn.jp/@az_shibata
136290,az_shibata,https://mstdn.jp/@az_shibata
6028,gu_0v0,https://mstdn.jp/@gu_0v0
6028,gu_0v0,https://mstdn.jp/@gu_0v0
136290,az_shibata,https://mstdn.jp/@az_shibata
136290,az_shibata,https://mstdn.jp/@az_shibata
6028,gu_0v0,https://mstdn.jp/@gu_0v0
6028,gu_0v0,https://mstdn.jp/@gu_0v0
136290,az_shibata,https://mstdn.jp/@az_shibata
136290,az_shibata,https://mstdn.jp/@az_shibata
6028,gu_0v0,https://mstdn.jp/@gu_0v0
6028,gu_0v0,https://mstdn.jp/@gu_0v0
136290,az_shibata,https://mstdn.jp/@az_shibata
136290,az_shibata,https://mstdn.jp/@az_shibata
6028,gu_0v0,https://mstdn.jp/@gu_0v0
6028,gu_0v0,https://mstdn.jp/@gu_0v0
136290,az_shibata,https://mstdn.jp/@az_shibata
136290,az_shibata,https://mstdn.jp/@az_shibata
6028,gu_0v0,https://mstdn.jp/@gu_0v0
6028,gu_0v0,https://mstdn.jp/@gu_0v0
136290,az_shibata,https://mstdn.jp/@az_shibata
136290,az_shibata,https://mstdn.jp/@az_shibata
6028,gu_0v0,https://mstdn.jp/@gu_0v0
6028,gu_0v0,https://mstdn.jp/@gu_0v0
136290,az_shibata,https://mstdn.jp/@az_shibata
136290,az_shibata,https://mstdn.jp/@az_shibata
6028,gu_0v0,https://mstdn.jp/@gu_0v0
6028,gu_0v0,https://mstdn.jp/@gu_0v0
136290,az_shibata,https://mstdn.jp/@az_shibata
136290,az_shibata,https://mstdn.jp/@az_shibata
6028,gu_0v0,https://mstdn.jp/@gu_0v0
6028,gu_0v0,https://mstdn.jp/@gu_0v0
136290,az_shibata,https://mstdn.jp/@az_shibata
136290,az_shibata,https://mstdn.jp/@az_shibata
6028,gu_0v0,https://mstdn.jp/@gu_0v0
6028,gu_0v0,https://mstdn.jp/@gu_0v0
136290,az_shibata,https://mstdn.jp/@az_shibata
136290,az_shibata,https://mstdn.jp/@az_shibata
6028,gu_0v0,https://mstdn.jp/@gu_0v0
6028,gu_0v0,https://mstdn.jp/@gu_0v0
136290,az_shibata,https://mstdn.jp/@az_shibata
136290,az_shibata,https://mstdn.jp/@az_shibata
6028,gu_0v0,https://mstdn.jp/@gu_0v0
6028,gu_0v0,https://mstdn.jp/@gu_0v0
136290,az_shibata,https://mstdn.jp/@az_shibata
136290,az_shibata,https://mstdn.jp/@az_shibata
6028,gu_0v0,https://mstdn.jp/@gu_0v0
6028,gu_0v0,https://mstdn.jp/@gu_0v0
136290,az_shibata,https://mstdn.jp/@az_shibata
136290,az_shibata,https://mstdn.jp/@az_shibata
6028,gu_0v0,https://mstdn.jp/@gu_0v0
6028,gu_0v0,https://mstdn.jp/@gu_0v0
136290,az_shibata,https://mstdn.jp/@az_shibata
136290,az_shibata,https://mstdn.jp/@az_shibata
6028,gu_0v0,https://mstdn.jp/@gu_0v0
6028,gu_0v0,https://mstdn.jp/@gu_0v0
136290,az_shibata,https://mstdn.jp/@az_shibata
136290,az_shibata,https://mstdn.jp/@az_shibata
6028,gu_0v0,https://mstdn.jp/@gu_0v0
6028,gu_0v0,https://mstdn.jp/@gu_0v0
136290,az_shibata,https://mstdn.jp/@az_shibata
136290,az_shibata,https://mstdn.jp/@az_shibata
6028,gu_0v0,https://mstdn.jp/@gu_0v0
6028,gu_0v0,https://mstdn.jp/@gu_0v0
136290,az_shibata,https://mstdn.jp/@az_shibata
136290,az_shibata,https://mstdn.jp/@az_shibata
6028,gu_0v0,https://mstdn.jp/@gu_0v0
6028,gu_0v0,https://mstdn.jp/@gu_0v0
136290,az_shibata,https://mstdn.jp/@az_shibata
136290,az_shibata,https://mstdn.jp/@az_shibata
6028,gu_0v0,https://mstdn.jp/@gu_0v0
6028,gu_0v0,https://mstdn.jp/@gu_0v0
136290,az_shibata,https://mstdn.jp/@az_shibata
136290,az_shibata,https://mstdn.jp/@az_shibata
6028,gu_0v0,https://mstdn.jp/@gu_0v0
6028,gu_0v0,https://mstdn.jp/@gu_0v0
136290,az_shibata,https://mstdn.jp/@az_shibata
136290,az_shibata,https://mstdn.jp/@az_shibata
6028,gu_0v0,https://mstdn.jp/@gu_0v0
6028,gu_0v0,https://mstdn.jp/@gu_0v0
136290,az_shibata,https://mstdn.jp/@az_shibata
136290,az_shibata,https://mstdn.jp/@az_shibata
6028,gu_0v0,https://mstdn.jp/@gu_0v0
6028,gu_0v0,https://mstdn.jp/@gu_0v0
136290,az_shibata,https://mstdn.jp/@az_shibata
136290,az_shibata,https://mstdn.jp/@az_shibata
6028,gu_0v0,https://mstdn.jp/@gu_0v0
6028,gu_0v0,https://mstdn.jp/@gu_0v0
136290,az_shibata,https://mstdn.jp/@az_shibata
136290,az_shibata,https://mstdn.jp/@az_shibata
6028,gu_0v0,https://mstdn.jp/@gu_0v0
6028,gu_0v0,https://mstdn.jp/@gu_0v0
136290,az_shibata,https://mstdn.jp/@az_shibata
136290,az_shibata,https://mstdn.jp/@az_shibata
6028,gu_0v0,https://mstdn.jp/@gu_0v0
6028,gu_0v0,https://mstdn.jp/@gu_0v0
136290,az_shibata,https://mstdn.jp/@az_shibata
136290,az_shibata,https://mstdn.jp/@az_shibata
6028,gu_0v0,https://mstdn.jp/@gu_0v0
6028,gu_0v0,https://mstdn.jp/@gu_0v0
136290,az_shibata,https://mstdn.jp/@az_shibata
136290,az_shibata,https://mstdn.jp/@az_shibata
6028,gu_0v0,https://mstdn.jp/@gu_0v0
6028,gu_0v0,https://mstdn.jp/@gu_0v0
136290,az_shibata,https://mstdn.jp/@az_shibata
136290,az_shibata,https://mstdn.jp/@az_shibata
6028,gu_0v0,https://mstdn.jp/@gu_0v0
6028,gu_0v0,https://mstdn.jp/@gu_0v0
136290,az_shibata,https://mstdn.jp/@az_shibata
136290,az_shibata,https://mstdn.jp/@az_shibata
6028,gu_0v0,https://mstdn.jp/@gu_0v0
6028,gu_0v0,https://mstdn.jp/@gu_0v0
136290,az_shibata,https://mstdn.jp/@az_shibata
136290,az_shibata,https://mstdn.jp/@az_shibata
6028,gu_0v0,https://mstdn.jp/@gu_0v0
6028,gu_0v0,https://mstdn.jp/@gu_0v0
136290,az_shibata,https://mstdn.jp/@az_shibata
136290,az_shibata,https://mstdn.jp/@az_shibata
6028,gu_0v0,https://mstdn.jp/@gu_0v0
6028,gu_0v0,https://mstdn.jp/@gu_0v0
136290,az_shibata,https://mstdn.jp/@az_shibata
136290,az_shibata,https://mstdn.jp/@az_shibata
6028,gu_0v0,https://mstdn.jp/@gu_0v0
6028,gu_0v0,https://mstdn.jp/@gu_0v0
136290,az_shibata,https://mstdn.jp/@az_shibata
136290,az_shibata,https://mstdn.jp/@az_shibata
6028,gu_0v0,https://mstdn.jp/@gu_0v0
6028,gu_0v0,https://mstdn.jp/@gu_0v0
136290,az_shibata,https://mstdn.jp/@az_shibata
136290,az_shibata,https://mstdn.jp/@az_shibata
6028,gu_0v0,https://mstdn.jp/@gu_0v0
6028,gu_0v0,https://mstdn.jp/@gu_0v0
136290,az_shibata,https://mstdn.jp/@az_shibata
136290,az_shibata,https://mstdn.jp/@az_shibata
6028,gu_0v0,https://mstdn.jp/@gu_0v0
6028,gu_0v0,https://mstdn.jp/@gu_0v0
136290,az_shibata,https://mstdn.jp/@az_shibata
136290,az_shibata,https://mstdn.jp/@az_shibata
6028,gu_0v0,https://mstdn.jp/@gu_0v0
6028,gu_0v0,https://mstdn.jp/@gu_0v0
136290,az_shibata,https://mstdn.jp/@az_shibata
136290,az_shibata,https://mstdn.jp/@az_shibata
6028,gu_0v0,https://mstdn.jp/@gu_0v0
6028,gu_0v0,https://mstdn.jp/@gu_0v0
136290,az_shibata,https://mstdn.jp/@az_shibata
136290,az_shibata,https://mstdn.jp/@az_shibata
6028,gu_0v0,https://mstdn.jp/@gu_0v0
6028,gu_0v0,https://mstdn.jp/@gu_0v0
136290,az_shibata,https://mstdn.jp/@az_shibata
136290,az_shibata,https://mstdn.jp/@az_shibata
6028,gu_0v0,https://mstdn.jp/@gu_0v0
6028,gu_0v0,https://mstdn.jp/@gu_0v0
136290,az_shibata,https://mstdn.jp/@az_shibata
136290,az_shibata,https://mstdn.jp/@az_shibata
6028,gu_0v0,https://mstdn.jp/@gu_0v0
6028,gu_0v0,https://mstdn.jp/@gu_0v0
136290,az_shibata,https://mstdn.jp/@az_shibata
136290,az_shibata,https://mstdn.jp/@az_shibata
6028,gu_0v0,https://mstdn.jp/@gu_0v0
6028,gu_0v0,https://mstdn.jp/@gu_0v0
136290,az_shibata,https://mstdn.jp/@az_shibata
136290,az_shibata,https://mstdn.jp/@az_shibata
6028,gu_0v0,https://mstdn.jp/@gu_0v0
6028,gu_0v0,https://mstdn.jp/@gu_0v0
136290,az_shibata,https://mstdn.jp/@az_shibata
136290,az_shibata,https://mstdn.jp/@az_shibata
6028,gu_0v0,https://mstdn.jp/@gu_0v0
6028,gu_0v0,https://mstdn.jp/@gu_0v0
136290,az_shibata,https://mstdn.jp/@az_shibata
136290,az_shibata,https://mstdn.jp/@az_shibata
6028,gu_0v0,https://mstdn.jp/@gu_0v0
6028,gu_0v0,https://mstdn.jp/@gu_0v0
136290,az_shibata,https://mstdn.jp/@az_shibata
136290,az_shibata,https://mstdn.jp/@az_shibata
6028,gu_0v0,https://mstdn.jp/@gu_0v0
6028,gu_0v0,https://mstdn.jp/@gu_0v0
136290,az_shibata,https://mstdn.jp/@az_shibata
136290,az_shibata,https://mstdn.jp/@az_shibata
6028,gu_0v0,https://mstdn.jp/@gu_0v0
6028,gu_0v0,https://mstdn.jp/@gu_0v0
136290,az_shibata,https://mstdn.jp/@az_shibata
136290,az_shibata,https://mstdn.jp/@az_shibata
6028,gu_0v0,https://mstdn.jp/@gu_0v0
6028,gu_0v0,https://mstdn.jp/@gu_0v0
136290,az_shibata,https://mstdn.jp/@az_shibata
136290,az_shibata,https://mstdn.jp/@az_shibata
6028,gu_0v0,https://mstdn.jp/@gu_0v0
6028,gu_0v0,https://mstdn.jp/@gu_0v0
136290,az_shibata,https://mstdn.jp/@az_shibata
136290,az_shibata,https://mstdn.jp/@az_shibata
6028,gu_0v0,https://mstdn.jp/@gu_0v0
6028,gu_0v0,https://mstdn.jp/@gu_0v0
136290,az_shibata,https://mstdn.jp/@az_shibata
136290,az_shibata,https://mstdn.jp/@az_shibata
6028,gu_0v0,https://mstdn.jp/@gu_0v0
6028,gu_0v0,https://mstdn.jp/@gu_0v0
136290,az_shibata,https://mstdn.jp/@az_shibata
136290,az_shibata,https://mstdn.jp/@az_shibata
6028,gu_0v0,https://mstdn.jp/@gu_0v0
6028,gu_0v0,https://mstdn.jp/@gu_0v0
136290,az_shibata,https://mstdn.jp/@az_shibata
136290,az_shibata,https://mstdn.jp/@az_shibata
6028,gu_0v0,https://mstdn.jp/@gu_0v0
6028,gu_0v0,https://mstdn.jp/@gu_0v0
136290,az_shibata,https://mstdn.jp/@az_shibata
136290,az_shibata,https://mstdn.jp/@az_shibata
6028,gu_0v0,https://mstdn.jp/@gu_0v0
6028,gu_0v0,https://mstdn.jp/@gu_0v0
136290,az_shibata,https://mstdn.jp/@az_shibata
136290,az_shibata,https://mstdn.jp/@az_shibata
6028,gu_0v0,https://mstdn.jp/@gu_0v0
6028,gu_0v0,https://mstdn.jp/@gu_0v0
136290,az_shibata,https://mstdn.jp/@az_shibata
136290,az_shibata,https://mstdn.jp/@az_shibata
6028,gu_0v0,https://mstdn.jp/@gu_0v0
6028,gu_0v0,https://mstdn.jp/@gu_0v0
136290,az_shibata,https://mstdn.jp/@az_shibata
136290,az_shibata,https://mstdn.jp/@az_shibata
6028,gu_0v0,https://mstdn.jp/@gu_0v0
6028,gu_0v0,https://mstdn.jp/@gu_0v0
136290,az_shibata,https://mstdn.jp/@az_shibata
136290,az_shibata,https://mstdn.jp/@az_shibata
6028,gu_0v0,https://mstdn.jp/@gu_0v0
6028,gu_0v0,https://mstdn.jp/@gu_0v0
136290,az_shibata,https://mstdn.jp/@az_shibata
136290,az_shibata,https://mstdn.jp/@az_shibata
6028,gu_0v0,https://mstdn.jp/@gu_0v0
6028,gu_0v0,https://mstdn.jp/@gu_0v0
136290,az_shibata,https://mstdn.jp/@az_shibata
136290,az_shibata,https://mstdn.jp/@az_shibata
6028,gu_0v0,https://mstdn.jp/@gu_0v0
6028,gu_0v0,https://mstdn.jp/@gu_0v0
136290,az_shibata,https://mstdn.jp/@az_shibata
136290,az_shibata,https://mstdn.jp/@az_shibata
6028,gu_0v0,https://mstdn.jp/@gu_0v0
6028,gu_0v0,https://mstdn.jp/@gu_0v0
136290,az_shibata,https://mstdn.jp/@az_shibata
136290,az_shibata,https://mstdn.jp/@az_shibata
6028,gu_0v0,https://mstdn.jp/@gu_0v0
6028,gu_0v0,https://mstdn.jp/@gu_0v0
136290,az_shibata,https://mstdn.jp/@az_shibata
136290,az_shibata,https://mstdn.jp/@az_shibata
6028,gu_0v0,https://mstdn.jp/@gu_0v0
6028,gu_0v0,https://mstdn.jp/@gu_0v0
136290,az_shibata,https://mstdn.jp/@az_shibata
136290,az_shibata,https://mstdn.jp/@az_shibata
6028,gu_0v0,https://mstdn.jp/@gu_0v0
6028,gu_0v0,https://mstdn.jp/@gu_0v0
136290,az_shibata,https://mstdn.jp/@az_shibata
136290,az_shibata,https://mstdn.jp/@az_shibata
6028,gu_0v0,https://mstdn.jp/@gu_0v0
6028,gu_0v0,https://mstdn.jp/@gu_0v0
136290,az_shibata,https://mstdn.jp/@az_shibata
136290,az_shibata,https://mstdn.jp/@az_shibata
6028,gu_0v0,https://mstdn.jp/@gu_0v0
6028,gu_0v0,https://mstdn.jp/@gu_0v0
136290,az_shibata,https://mstdn.jp/@az_shibata
136290,az_shibata,https://mstdn.jp/@az_shibata
6028,gu_0v0,https://mstdn.jp/@gu_0v0
6028,gu_0v0,https://mstdn.jp/@gu_0v0
136290,az_shibata,https://mstdn.jp/@az_shibata
136290,az_shibata,https://mstdn.jp/@az_shibata
6028,gu_0v0,https://mstdn.jp/@gu_0v0
6028,gu_0v0,https://mstdn.jp/@gu_0v0
136290,az_shibata,https://mstdn.jp/@az_shibata
136290,az_shibata,https://mstdn.jp/@az_shibata
6028,gu_0v0,https://mstdn.jp/@gu_0v0
6028,gu_0v0,https://mstdn.jp/@gu_0v0
136290,az_shibata,https://mstdn.jp/@az_shibata
136290,az_shibata,https://mstdn.jp/@az_shibata
6028,gu_0v0,https://mstdn.jp/@gu_0v0
6028,gu_0v0,https://mstdn.jp/@gu_0v0
136290,az_shibata,https://mstdn.jp/@az_shibata
136290,az_shibata,https://mstdn.jp/@az_shibata
6028,gu_0v0,https://mstdn.jp/@gu_0v0
6028,gu_0v0,https://mstdn.jp/@gu_0v0
136290,az_shibata,https://mstdn.jp/@az_shibata
136290,az_shibata,https://mstdn.jp/@az_shibata
6028,gu_0v0,https://mstdn.jp/@gu_0v0
6028,gu_0v0,https://mstdn.jp/@gu_0v0
136290,az_shibata,https://mstdn.jp/@az_shibata
136290,az_shibata,https://mstdn.jp/@az_shibata
6028,gu_0v0,https://mstdn.jp/@gu_0v0
6028,gu_0v0,https://mstdn.jp/@gu_0v0
136290,az_shibata,https://mstdn.jp/@az_shibata
136290,az_shibata,https://mstdn.jp/@az_shibata
6028,gu_0v0,https://mstdn.jp/@gu_0v0
6028,gu_0v0,https://mstdn.jp/@gu_0v0
136290,az_shibata,https://mstdn.jp/@az_shibata
136290,az_shibata,https://mstdn.jp/@az_shibata
6028,gu_0v0,https://mstdn.jp/@gu_0v0
6028,gu_0v0,https://mstdn.jp/@gu_0v0
136290,az_shibata,https://mstdn.jp/@az_shibata
136290,az_shibata,https://mstdn.jp/@az_shibata
6028,gu_0v0,https://mstdn.jp/@gu_0v0
6028,gu_0v0,https://mstdn.jp/@gu_0v0
136290,az_shibata,https://mstdn.jp/@az_shibata
136290,az_shibata,https://mstdn.jp/@az_shibata
6028,gu_0v0,https://mstdn.jp/@gu_0v0
6028,gu_0v0,https://mstdn.jp/@gu_0v0
136290,az_shibata,https://mstdn.jp/@az_shibata
136290,az_shibata,https://mstdn.jp/@az_shibata
6028,gu_0v0,https://mstdn.jp/@gu_0v0
92031,myaryuge,https://mstdn.jp/@myaryuge
82984,pbielefeldt,https://quitter.se/pbielefeldt
108134,fukudak,https://mstdn.jp/@fukudak
52207,tomoakari,https://pawoo.net/@tomoakari
11372,akamiru_,https://mstdn.jp/@akamiru_
68622,nikonikokanshiin,https://social.tchncs.de/@nikonikokanshiin
49676,sakuon,https://mstdn.jp/@sakuon
54423,rubybaby,https://mstdn.jp/@rubybaby
54423,rubybaby,https://mstdn.jp/@rubybaby
64078,Bug,https://mstdn.jp/@Bug
64078,Bug,https://mstdn.jp/@Bug
99065,atsukoramones,https://mstdn.jp/@atsukoramones
99065,atsukoramones,https://mstdn.jp/@atsukoramones
178462,itmedia_news,https://mstdn.itmedia.co.jp/@itmedia_news
178462,itmedia_news,https://mstdn.itmedia.co.jp/@itmedia_news
5423,yukatan,https://mstdn.jp/@yukatan
5423,yukatan,https://mstdn.jp/@yukatan
55238,yukatan,https://mastodon.cloud/@yukatan
55238,yukatan,https://mastodon.cloud/@yukatan
6955,kunihirotanaka,https://mstdn.jp/@kunihirotanaka
6955,kunihirotanaka,https://mstdn.jp/@kunihirotanaka
168312,masatomatsuura,https://masatodon.com/@masatomatsuura
168312,masatomatsuura,https://masatodon.com/@masatomatsuura
30808,ajimitei,https://mstdn.jp/@ajimitei
30808,ajimitei,https://mstdn.jp/@ajimitei
145476,yuka,https://mstdn.guru/@yuka
145476,yuka,https://mstdn.guru/@yuka
73573,gjmdajmad,https://mstdn.jp/@gjmdajmad
57350,pandakanpo,https://mstdn.jp/@pandakanpo
57350,pandakanpo,https://mstdn.jp/@pandakanpo
341,Ken2,https://mstdn.jp/@Ken2
341,Ken2,https://mstdn.jp/@Ken2
149129,Furoshikiya,https://mstdn.jp/@Furoshikiya
149129,Furoshikiya,https://mstdn.jp/@Furoshikiya
59953,noriko_sama,https://mstdn.jp/@noriko_sama
59953,noriko_sama,https://mstdn.jp/@noriko_sama
442358,hiyokokko,https://mstdn.jp/@hiyokokko
442358,hiyokokko,https://mstdn.jp/@hiyokokko
261312,mstdn_jp,https://mstdn.jp/@mstdn_jp
261312,mstdn_jp,https://mstdn.jp/@mstdn_jp
159503,sakuraco,https://mstdn.jp/@sakuraco
156287,toryo3,https://mstdn.jp/@toryo3
43304,w4yh,https://mstdn.jp/@w4yh
95928,odoo,https://mstdn.jp/@odoo
113952,minamina,https://mstdn.jp/@minamina
9581,mika,https://mstdn.jp/@mika
9581,mika,https://mstdn.jp/@mika
152654,SelfishWhiteBear,https://pawoo.net/@SelfishWhiteBear
152654,SelfishWhiteBear,https://pawoo.net/@SelfishWhiteBear
156822,symphony,https://mstdn.jp/@symphony
156822,symphony,https://mstdn.jp/@symphony
177883,buhirobot,https://mstdn.jp/@buhirobot
177883,buhirobot,https://mstdn.jp/@buhirobot
222675,fujimoto1917,https://mstdn.jp/@fujimoto1917
222675,fujimoto1917,https://mstdn.jp/@fujimoto1917
7846,nian,https://mstdn.jp/@nian
7846,nian,https://mstdn.jp/@nian
326156,hogeo309,https://mstdn.jp/@hogeo309
326156,hogeo309,https://mstdn.jp/@hogeo309
261312,mstdn_jp,https://mstdn.jp/@mstdn_jp
261312,mstdn_jp,https://mstdn.jp/@mstdn_jp
107550,tolovemk,https://pawoo.net/@tolovemk
77235,mufuuuu,https://mstdn.jp/@mufuuuu
18473,morishige,https://mstdn.jp/@morishige
10559,nuffy,https://mstdn.jp/@nuffy
10559,nuffy,https://mstdn.jp/@nuffy
19990,kiris_kirimura,https://mstdn.jp/@kiris_kirimura
19990,kiris_kirimura,https://mstdn.jp/@kiris_kirimura
49994,avaaya,https://mstdn.jp/@avaaya
49994,avaaya,https://mstdn.jp/@avaaya
23150,poemhuman,https://mstdn.jp/@poemhuman
23150,poemhuman,https://mstdn.jp/@poemhuman
48298,yueni3,https://mstdn.jp/@yueni3
48298,yueni3,https://mstdn.jp/@yueni3
3228,piqn,https://mstdn.jp/@piqn
3228,piqn,https://mstdn.jp/@piqn
26079,fuba,https://mastodon.cloud/@fuba
26079,fuba,https://mastodon.cloud/@fuba
3228,piqn,https://mstdn.jp/@piqn
3228,piqn,https://mstdn.jp/@piqn
5044,sentaqu,https://mstdn.jp/@sentaqu
5044,sentaqu,https://mstdn.jp/@sentaqu
19325,KeeeeTee,https://mstdn.jp/@KeeeeTee
19325,KeeeeTee,https://mstdn.jp/@KeeeeTee
16226,TOYCUT,https://mstdn.jp/@TOYCUT
16226,TOYCUT,https://mstdn.jp/@TOYCUT
2856,fragments,https://mstdn.jp/@fragments
2856,fragments,https://mstdn.jp/@fragments
5044,sentaqu,https://mstdn.jp/@sentaqu
5044,sentaqu,https://mstdn.jp/@sentaqu
48298,yueni3,https://mstdn.jp/@yueni3
48298,yueni3,https://mstdn.jp/@yueni3
6013,suge,https://mstdn.jp/@suge
6013,suge,https://mstdn.jp/@suge
3228,piqn,https://mstdn.jp/@piqn
3228,piqn,https://mstdn.jp/@piqn
15810,fmmzk,https://mstdn.jp/@fmmzk
15810,fmmzk,https://mstdn.jp/@fmmzk
8593,Kyon,https://mstdn.jp/@Kyon
8593,Kyon,https://mstdn.jp/@Kyon
4013,koshix,https://mstdn.jp/@koshix
4013,koshix,https://mstdn.jp/@koshix
134649,kztr,https://mstdn.fm/@kztr
134649,kztr,https://mstdn.fm/@kztr
12,nullkal,https://mstdn.jp/@nullkal
12,nullkal,https://mstdn.jp/@nullkal
441193,kii,https://mstdn.vtube.media/@kii
441193,kii,https://mstdn.vtube.media/@kii
12,nullkal,https://mstdn.jp/@nullkal
12,nullkal,https://mstdn.jp/@nullkal
271012,asakura_nico,https://friends.nico/@asakura_nico
271012,asakura_nico,https://friends.nico/@asakura_nico
4131,amachang,https://mstdn.jp/@amachang
4131,amachang,https://mstdn.jp/@amachang
232879,marinchan3,https://mstdn.jp/@marinchan3
232879,marinchan3,https://mstdn.jp/@marinchan3
18564,duvel,https://mstdn.jp/@duvel
18564,duvel,https://mstdn.jp/@duvel
209000,PS4ProNEWS,https://mstdn.jp/@PS4ProNEWS
209000,PS4ProNEWS,https://mstdn.jp/@PS4ProNEWS
157418,TCLeung,https://pawoo.net/@TCLeung
157418,TCLeung,https://pawoo.net/@TCLeung
21696,miyosi,https://mstdn.jp/@miyosi
21696,miyosi,https://mstdn.jp/@miyosi
69307,BIOTONIC,https://mstdn.jp/@BIOTONIC
69307,BIOTONIC,https://mstdn.jp/@BIOTONIC
340063,find575,https://theboss.tech/@find575
340063,find575,https://theboss.tech/@find575
175487,POGO,https://mstdn.jp/@POGO
175487,POGO,https://mstdn.jp/@POGO
410704,RRRB_M,https://mstdn.jp/@RRRB_M
410704,RRRB_M,https://mstdn.jp/@RRRB_M
166059,tsm0727,https://mstdn.jp/@tsm0727
166059,tsm0727,https://mstdn.jp/@tsm0727
282182,kunyking2,https://mstdn.jp/@kunyking2
282182,kunyking2,https://mstdn.jp/@kunyking2
111572,sync_sync,https://mstdn.osaka/@sync_sync
111572,sync_sync,https://mstdn.osaka/@sync_sync
418893,Lilyan,https://mstdn.jp/@Lilyan
418893,Lilyan,https://mstdn.jp/@Lilyan
461434,kame3des,https://welldn.net/@kame3des
461434,kame3des,https://welldn.net/@kame3des
415808,tang,https://mstdn.jp/@tang
415808,tang,https://mstdn.jp/@tang
156248,kunyking,https://mstdn.hyogo.jp/@kunyking
156248,kunyking,https://mstdn.hyogo.jp/@kunyking
12,nullkal,https://mstdn.jp/@nullkal
12,nullkal,https://mstdn.jp/@nullkal
268435,MightyPork,https://dev.glitch.social/@MightyPork
268435,MightyPork,https://dev.glitch.social/@MightyPork
52924,ROSSAM,https://mstdn.jp/@ROSSAM
52924,ROSSAM,https://mstdn.jp/@ROSSAM
77248,M_Y,https://mstdn.jp/@M_Y
77248,M_Y,https://mstdn.jp/@M_Y
30314,jh8cmx,https://mstdn.jp/@jh8cmx
30314,jh8cmx,https://mstdn.jp/@jh8cmx
42621,mikamiyoh,https://mstdn.jp/@mikamiyoh
42621,mikamiyoh,https://mstdn.jp/@mikamiyoh
281826,pellezza,https://mstdn.beer/@pellezza
281826,pellezza,https://mstdn.beer/@pellezza
84612,mnpxt113wdk1pabb,https://pawoo.net/@mnpxt113wdk1pabb
61172,Orafu,https://mstdn.jp/@Orafu
61172,Orafu,https://mstdn.jp/@Orafu
42621,mikamiyoh,https://mstdn.jp/@mikamiyoh
42621,mikamiyoh,https://mstdn.jp/@mikamiyoh
281826,pellezza,https://mstdn.beer/@pellezza
281826,pellezza,https://mstdn.beer/@pellezza
125341,celen,https://pawoo.net/@celen
96003,mssgr,https://mstdn.jp/@mssgr
87005,pyonyo385,https://pawoo.net/@pyonyo385
87005,pyonyo385,https://pawoo.net/@pyonyo385
109760,tetsuya0124,https://mstdn.jp/@tetsuya0124
109760,tetsuya0124,https://mstdn.jp/@tetsuya0124
236389,lip,https://mstdn.jp/@lip
236389,lip,https://mstdn.jp/@lip
192816,crazybee,https://mstdn.jp/@crazybee
192816,crazybee,https://mstdn.jp/@crazybee
11121,usgr,https://mstdn.jp/@usgr
11121,usgr,https://mstdn.jp/@usgr
436576,vakishim,https://mstdn.jp/@vakishim
436576,vakishim,https://mstdn.jp/@vakishim
312098,2272325,https://theboss.tech/@2272325
312098,2272325,https://theboss.tech/@2272325
318060,yoshidayoshida,https://mstdn.jp/@yoshidayoshida
318060,yoshidayoshida,https://mstdn.jp/@yoshidayoshida
123035,mei092,https://mstdn.jp/@mei092
123035,mei092,https://mstdn.jp/@mei092
267427,_rt,https://mstdn.jp/@_rt
267427,_rt,https://mstdn.jp/@_rt
331498,lovecocacola,https://mstdn.jp/@lovecocacola
331498,lovecocacola,https://mstdn.jp/@lovecocacola
463545,worsip,https://mstdn.jp/@worsip
463545,worsip,https://mstdn.jp/@worsip
308393,thiele_jp,https://mstdn.jp/@thiele_jp
308393,thiele_jp,https://mstdn.jp/@thiele_jp
486417,moyas1ck,https://mstdn.jp/@moyas1ck
486417,moyas1ck,https://mstdn.jp/@moyas1ck
96429,um3,https://mstdn.jp/@um3
96429,um3,https://mstdn.jp/@um3
483448,makotia,https://theboss.tech/@makotia
483448,makotia,https://theboss.tech/@makotia
26919,minemine,https://mstdn.jp/@minemine
26919,minemine,https://mstdn.jp/@minemine
445981,Muggusan,https://mstdn.jp/@Muggusan
445981,Muggusan,https://mstdn.jp/@Muggusan
26919,minemine,https://mstdn.jp/@minemine
26919,minemine,https://mstdn.jp/@minemine
15715,acid_chicken,https://mstdn.jp/@acid_chicken
15715,acid_chicken,https://mstdn.jp/@acid_chicken
25432,STRD,https://pawoo.net/@STRD
25432,STRD,https://pawoo.net/@STRD
15715,acid_chicken,https://mstdn.jp/@acid_chicken
15715,acid_chicken,https://mstdn.jp/@acid_chicken
1368,teruteru128,https://pawoo.net/@teruteru128
1368,teruteru128,https://pawoo.net/@teruteru128
95929,cbtect,https://mstdn.jp/@cbtect
95929,cbtect,https://mstdn.jp/@cbtect
1378,hary,https://mastodon.cloud/@hary
1378,hary,https://mastodon.cloud/@hary
96339,VAPEJP,https://mstdn.jp/@VAPEJP
96339,VAPEJP,https://mstdn.jp/@VAPEJP
83471,SheenaHirohito,https://mstdn.jp/@SheenaHirohito
83471,SheenaHirohito,https://mstdn.jp/@SheenaHirohito
3203,MEGACHASER,https://mstdn.jp/@MEGACHASER
3203,MEGACHASER,https://mstdn.jp/@MEGACHASER
445392,sou_iu_koto,https://mstdn.jp/@sou_iu_koto
445392,sou_iu_koto,https://mstdn.jp/@sou_iu_koto
143760,punkjazz,https://mstdn.jp/@punkjazz
143760,punkjazz,https://mstdn.jp/@punkjazz
460167,nakamitsudasaku,https://gingadon.com/@nakamitsudasaku
460167,nakamitsudasaku,https://gingadon.com/@nakamitsudasaku
132964,hikagemono,https://pawoo.net/@hikagemono
13309,Keisuke_Odagiri,https://mstdn.jp/@Keisuke_Odagiri
17655,Dunavo,https://mstdn.jp/@Dunavo
17655,Dunavo,https://mstdn.jp/@Dunavo
351172,fuyu26,https://theboss.tech/@fuyu26
351172,fuyu26,https://theboss.tech/@fuyu26
221834,plinius,https://mstdn.jp/@plinius
221834,plinius,https://mstdn.jp/@plinius
325751,esquif,https://mstdn.jp/@esquif
325751,esquif,https://mstdn.jp/@esquif
163937,Jaguaimo,https://mstdn.jp/@Jaguaimo
163937,Jaguaimo,https://mstdn.jp/@Jaguaimo
502782,Denpa7,https://mstdn.jp/@Denpa7
502782,Denpa7,https://mstdn.jp/@Denpa7
304701,pointsmens,https://mstdn.jp/@pointsmens
304701,pointsmens,https://mstdn.jp/@pointsmens
429450,chimachima_,https://mstdn.jp/@chimachima_
429450,chimachima_,https://mstdn.jp/@chimachima_
426816,CFCB,https://mstdn.jp/@CFCB
426816,CFCB,https://mstdn.jp/@CFCB
36439,tanisi_12,https://mstdn.jp/@tanisi_12
36439,tanisi_12,https://mstdn.jp/@tanisi_12
344732,4z,https://mstdn.kemono-friends.info/@4z
344732,4z,https://mstdn.kemono-friends.info/@4z
193924,sakuragasaita,https://mstdn.jp/@sakuragasaita
193924,sakuragasaita,https://mstdn.jp/@sakuragasaita
245811,Namashi_no_Rakubei,https://mstdn.jp/@Namashi_no_Rakubei
245811,Namashi_no_Rakubei,https://mstdn.jp/@Namashi_no_Rakubei
225682,howaito516,https://mstdn.jp/@howaito516
225682,howaito516,https://mstdn.jp/@howaito516
459514,moogle,https://mstdn.jp/@moogle
459514,moogle,https://mstdn.jp/@moogle
261312,mstdn_jp,https://mstdn.jp/@mstdn_jp
261312,mstdn_jp,https://mstdn.jp/@mstdn_jp
149624,kingofpunk,https://social.lou.lt/@kingofpunk
94042,monk,https://xoxo.zone/@monk
46892,archmeme,https://gs.archae.me/archmeme
157108,konta4253,https://mstdn.jp/@konta4253
133335,hitachi_minato,https://pawoo.net/@hitachi_minato
126223,nonnnko,https://mstdn.jp/@nonnnko
100897,me0wmix,https://idreamof.ryukyu/@me0wmix
12,nullkal,https://mstdn.jp/@nullkal
12,nullkal,https://mstdn.jp/@nullkal
53934,kozue,https://mstdn.maud.io/@kozue
53934,kozue,https://mstdn.maud.io/@kozue
12,nullkal,https://mstdn.jp/@nullkal
12,nullkal,https://mstdn.jp/@nullkal
495158,rinsuki,https://mstdn.rinsuki.net/@rinsuki
495158,rinsuki,https://mstdn.rinsuki.net/@rinsuki
105186,hotentry,https://mstdn.jp/@hotentry
105186,hotentry,https://mstdn.jp/@hotentry
109312,sabazusi,https://friends.nico/@sabazusi
109312,sabazusi,https://friends.nico/@sabazusi
12,nullkal,https://mstdn.jp/@nullkal
12,nullkal,https://mstdn.jp/@nullkal
6326,hota,https://mstdn.jp/@hota
6326,hota,https://mstdn.jp/@hota
2313,hota,https://mstdn.maud.io/@hota
2313,hota,https://mstdn.maud.io/@hota
35312,rk_asylum,https://mstdn.jp/@rk_asylum
35312,rk_asylum,https://mstdn.jp/@rk_asylum
424554,svchost,https://mastodon.juggler.jp/@svchost
424554,svchost,https://mastodon.juggler.jp/@svchost
299576,hanezi8,https://mstdn.jp/@hanezi8
299576,hanezi8,https://mstdn.jp/@hanezi8
280406,peachkid74,https://pawoo.net/@peachkid74
280406,peachkid74,https://pawoo.net/@peachkid74
299576,hanezi8,https://mstdn.jp/@hanezi8
299576,hanezi8,https://mstdn.jp/@hanezi8
174853,tokin_nap,https://pawoo.net/@tokin_nap
174853,tokin_nap,https://pawoo.net/@tokin_nap
57707,kroskros,https://mstdn.jp/@kroskros
442833,undertale,https://mstdn.jp/@undertale
442833,undertale,https://mstdn.jp/@undertale
17710,worstman,https://mstdn.jp/@worstman
17710,worstman,https://mstdn.jp/@worstman
417009,maimelody,https://mstdn.jp/@maimelody
417009,maimelody,https://mstdn.jp/@maimelody
261312,mstdn_jp,https://mstdn.jp/@mstdn_jp
261312,mstdn_jp,https://mstdn.jp/@mstdn_jp
52336,mimohu,https://mstdn.jp/@mimohu
67632,hamuta0404,https://pawoo.net/@hamuta0404
67632,hamuta0404,https://pawoo.net/@hamuta0404
1645,nakaishow,https://mstdn.jp/@nakaishow
1645,nakaishow,https://mstdn.jp/@nakaishow
113547,cyanmiaisiteru,https://pawoo.net/@cyanmiaisiteru
113547,cyanmiaisiteru,https://pawoo.net/@cyanmiaisiteru
136614,icchy,https://horiedon.com/@icchy
80813,mnpkbrtws44f3abb,https://pawoo.net/@mnpkbrtws44f3abb
61172,Orafu,https://mstdn.jp/@Orafu
61172,Orafu,https://mstdn.jp/@Orafu
210011,GaibRarecoil,https://mimumedon.com/@GaibRarecoil
210011,GaibRarecoil,https://mimumedon.com/@GaibRarecoil
